City_ID,City,Country,Max Temp,Current Description,Lat,Lng,Hotel Name
3,Rikitea,PF,70.84,overcast clouds,-23.1203,-134.9692,People ThankYou
4,Avarua,CK,71.65,overcast clouds,-21.2078,-159.775,Paradise Inn
9,Kabwe,ZM,84.2,clear sky,-14.4469,28.4464,Tuskers
11,Castelo Branco,PT,80.01,clear sky,39.8222,-7.4909,MELI√É Castelo Branco
13,Kipushi,CD,85.55,clear sky,-11.7667,27.2333,Villa Madimba
14,Hilo,US,76.28,broken clouds,19.7297,-155.09,Hilo Hawaiian Hotel
15,Bairiki,KI,80.6,few clouds,1.3292,172.9752,Tarawa Boutique Hotel
17,Cecina,IT,86.29,scattered clouds,43.3128,10.524,Hotel Tornese
19,Sungairaya,ID,75.79,overcast clouds,0.7,108.9,Rumah Kuku Moimoi Shelly
21,Ojhar,IN,74.98,light rain,20.1,73.9333,Aurangabad Deogaon Rangari
22,Keti Bandar,PK,81.64,scattered clouds,24.1447,67.4497,Haji laloo memon house
24,Kloulklubed,PW,75.7,overcast clouds,7.0419,134.2556,Storyboard Beach Resort
28,Sinazongwe,ZM,82.22,clear sky,-17.2614,27.4618,Lakeview Lodge
29,Celestun,MX,82.72,overcast clouds,20.8667,-90.4,Posada Lilia
37,Axim,GH,79.75,scattered clouds,4.8699,-2.2405,Axim Beach Resort And Spa
39,Victoria,HK,90.32,broken clouds,22.2855,114.1577,Mini Central
40,Lorengau,PG,81.79,clear sky,-2.0226,147.2712,Lorengau Harbourside Hotel
42,Buala,SB,78.93,light rain,-8.145,159.5921,Maringe Lagoon Lodge
43,Lagoa,PT,71.2,clear sky,39.05,-27.9833,Casa Das Faias
44,San Quintin,MX,77.41,overcast clouds,30.4833,-115.95,Don Eddie's Sport Fishing Center
53,Buritizeiro,BR,92.43,clear sky,-17.3511,-44.9622,Santos Palace Hotel
56,Jamestown,US,74.01,few clouds,42.097,-79.2353,Hampton Inn & Suites Jamestown
59,Cabra,ES,87.66,clear sky,37.4725,-4.4421,MS Fuente Las Piedras
62,Sabirabad,AZ,92.86,clear sky,40.0095,48.4752,Mugan Park Hotel
63,Neiba,DO,88.38,clear sky,18.5,-71.4167,√Ångel David Cuevas Mendez
65,Pringsewu,ID,75.04,overcast clouds,-5.3582,104.9744,Urban Style by Front One
67,Palmer,US,77.95,broken clouds,42.1584,-72.3287,Wedgewood Motel
68,Manjeshwar,IN,81.55,light rain,12.7194,74.8861,Mangalore Beach House - EWA Ikigai
70,Vilhena,BR,77.22,smoke,-12.7406,-60.1458,Hotel Mirage
72,Fort Oglethorpe,US,74.91,mist,34.949,-85.2569,Super 8 by Wyndham Ft. Oglethorpe GA/Chatt TN Area
74,Kokopo,PG,76.86,clear sky,-4.352,152.2633,Kokopo Beach Bungalow Resort
75,Tezu,IN,74.23,overcast clouds,27.9167,96.1667,Circuit House
79,Murgab,TM,94.87,clear sky,37.4966,61.9714,Wepa Nurly√Ωew
83,Roxana,CR,88.03,scattered clouds,10.2753,-83.7513,3BYES1
85,Saint-Pierre,RE,71.91,few clouds,-21.3393,55.4781,Alize Plage
87,Ribeira Grande,PT,77.4,few clouds,38.5167,-28.7,Quinta da Meia Eira
88,Kitgum,UG,73.85,light rain,3.2783,32.8867,Jaflo Gardens Hotel
89,Mfou,CM,74.89,light rain,3.7159,11.6427,Maison Du Juge Noah
93,Hamilton,US,73.76,mist,39.1834,-84.5333,Six Acres Bed & Breakfast
95,Saint-Philippe,RE,71.22,light rain,-21.3585,55.7679,Le four √† pain
96,Brits,ZA,85.73,scattered clouds,-25.6347,27.7802,By Die Vlei
97,Freeport,US,81.48,few clouds,40.6576,-73.5832,The Freeport Inn and Marina
98,Littleton,US,80.89,clear sky,39.6133,-105.0166,InTown Suites Extended Stay Denver CO - Englewood
100,Banda Aceh,ID,79.14,overcast clouds,5.5577,95.3222,OYO 884 Rumoh PMI Hotel
101,Ponta Do Sol,PT,79.72,broken clouds,32.6667,-17.1,Hotel do Campo
103,Guerrero Negro,MX,80.37,overcast clouds,27.9769,-114.0611,"Casa Laguna, Bed & Breakfast"
110,Katsuura,JP,77.77,broken clouds,35.1333,140.3,Katsuura Hotel Mikazuki
111,Bektemir,UZ,87.85,clear sky,41.2097,69.3342,Grace Garden
114,Kapaa,US,77.32,clear sky,22.0752,-159.319,Sheraton Kauai Coconut Beach Resort
116,Thanh Hoa,VN,77.99,broken clouds,19.8,105.7667,KH√ÅCH S·∫†N NG·ªåC LY 8
119,Puerto Ayora,EC,71.56,overcast clouds,-0.7393,-90.3518,Finch Bay Galapagos Hotel
120,Isangel,VU,76.78,light rain,-19.55,169.2667,Tanna Lodge
123,Gondanglegi,ID,75.78,overcast clouds,-7.7479,112.0132,pondok pesantren mamba'ul 'ulum selo rejo
124,Hobyo,SO,76.95,clear sky,5.3505,48.5268,Halane Hotel and Restaurent
127,Nishihara,JP,84.25,moderate rain,26.1842,127.7558,Minshuku Agaihama
128,Seoul,KR,74.59,light rain,37.5683,126.9778,LOTTE HOTEL SEOUL
129,Port Elizabeth,ZA,72.1,clear sky,-33.918,25.5701,39 On Nile Guest House
130,Acapulco,MX,80.42,overcast clouds,16.8634,-99.8901,HS Hotsson Smart Acapulco
131,Dickinson,US,77.99,broken clouds,29.4608,-95.0513,Hampton Inn & Suites Houston/League City
133,Kishapu,TZ,87.53,clear sky,-3.6167,33.8667,Stage 2
134,Faanui,PF,77.7,light rain,-16.4833,-151.75,Bora-Bora Pearl Beach Resort & Spa
135,Sao Joao Dos Patos,BR,94.1,few clouds,-6.495,-43.7022,Junior Esportes Magazine
136,Pecos,US,72.86,clear sky,31.4229,-103.4932,Knights Inn & Suites Pecos Northeast
138,Hithadhoo,MV,81.59,overcast clouds,-0.6,73.0833,Scoop Guest House
141,Kununurra,AU,71.58,clear sky,-15.7667,128.7333,Hotel Kununurra
143,Butaritari,KI,82.29,broken clouds,3.0707,172.7902,Isles Sunset Lodge
148,Aloleng,PH,80.96,light rain,16.1307,119.7824,Steve Walden and Emma Sison-Walden Residence
149,Uaua,BR,79.97,broken clouds,-9.8414,-39.4817,Hotel Uau√°
152,Georgetown,MY,82.35,few clouds,5.4112,100.3354,Cititel Penang
154,Itirucu,BR,81.86,scattered clouds,-13.5317,-40.1503,Wil palace hotel
155,Grand Gaube,MU,72.0,clear sky,-20.0064,57.6608,Veranda Paul et Virginie Hotel & Spa
156,East London,ZA,74.34,clear sky,-33.0153,27.9116,Tu Casa
160,Harindanga,IN,85.8,broken clouds,22.0383,88.3214,Hasanur Builders
162,Gambela,ET,77.95,light rain,8.25,34.5833,Solomon Debebe Hotel
164,Atuona,PF,76.5,clear sky,-9.8,-139.0333,H√¥tel Hiva Oa Hanakee Lodge
166,Rusape,ZW,76.75,clear sky,-18.5278,32.1284,Surrey Lodge
172,Touros,BR,81.12,broken clouds,-5.1989,-35.4608,INN NEW HORIZON
173,Port-Gentil,GA,80.56,scattered clouds,-0.7193,8.7815,Fengshui Residence
174,Kavieng,PG,82.13,clear sky,-2.5744,150.7967,Nusa Island Retreat
176,Bubaque,GW,79.79,light rain,11.2833,-15.8333,"Casa Dora, Bubaque"
177,San Angelo,US,78.58,clear sky,31.4638,-100.437,"Motel 6 San Angelo, TX"
180,Loiza,PR,87.8,broken clouds,18.4313,-65.8802,Vacation Realty
181,Wajir,KE,91.36,few clouds,1.7471,40.0573,Mahatallah Hotel
183,Sao Filipe,CV,80.37,light rain,14.8961,-24.4956,Hotel Xaguate
188,Chifeng,CN,70.09,few clouds,42.2683,118.9636,Junyu Tiancheng Hotel
189,La Rioja,ES,80.38,few clouds,42.25,-2.5,Casa Concejos
190,Alugan,PH,80.53,overcast clouds,12.2188,125.4808,JM Lodge
194,Souillac,MU,71.98,light rain,-20.5167,57.5167,Shanti Maurice Resort & Spa
195,Bengkulu,ID,76.71,overcast clouds,-3.8004,102.2655,Grage Hotel Bengkulu
197,Mahajanga,MG,82.42,few clouds,-15.7167,46.3167,H√¥tel Restaurant Gourmand Coco Lodge Majunga
199,Itarema,BR,87.96,few clouds,-2.9248,-39.9167,"Sea Lounge! Bar, Club & Restaurant"
201,Ambilobe,MG,73.9,broken clouds,-13.2,49.05,H√¥tel & Restaurant DIANA Ambilobe
202,Bethel,US,79.16,scattered clouds,41.3712,-73.414,Courtyard by Marriott Danbury
204,Williston,US,70.32,clear sky,48.147,-103.618,Hampton Inn & Suites Williston
206,San Cristobal,VE,78.98,overcast clouds,7.7669,-72.225,Pirineos
208,Bathsheba,BB,84.81,scattered clouds,13.2167,-59.5167,Atlantis Hotel
209,Sambava,MG,71.58,broken clouds,-14.2667,50.1667,Melrose
210,Menongue,AO,88.7,few clouds,-14.6585,17.691,Ritz Lauca
212,Bambous Virieux,MU,71.85,light rain,-20.3428,57.7575,Casa Tia Villa
217,San Patricio,US,80.46,overcast clouds,28.017,-97.5169,"Motel 6 Sinton, TX"
221,Umm Lajj,SA,86.83,clear sky,25.0213,37.2685,Moon light Furnished Units
222,Shenjiamen,CN,80.06,overcast clouds,29.9576,122.298,Jinjiang Inn Zhoushan Putuo Shenjiamen
225,Porto Novo,BJ,78.62,broken clouds,6.4965,2.6036,Tour Eiffel Hotel Benin
226,Ushtobe,KZ,76.84,clear sky,45.2514,77.9838,"Gostinitsa ""Diyar"""
227,Brigantine,US,84.2,clear sky,39.4101,-74.3646,Legacy Vacation Resorts - Brigantine Beach
228,Bud,US,74.05,overcast clouds,39.447,-86.1758,Ted McQuinn Trust
230,Bandarbeyla,SO,78.04,clear sky,9.4942,50.8122,JABIR HOTEL
232,Champerico,GT,81.14,overcast clouds,14.3,-91.9167,"Hotel y restaurante ""El Diamante"""
233,Samarai,PG,80.56,scattered clouds,-10.6167,150.6667,Nuli Sapi
237,Tikapur,NP,80.22,scattered clouds,28.5,81.1333,BANANA AGRO RESORT
238,Morondava,MG,75.67,clear sky,-20.2833,44.2833,La Case Bambou
239,Bridgewater,CA,73.67,broken clouds,44.3835,-64.5155,Comfort Inn
240,Kahului,US,80.83,clear sky,20.8947,-156.47,Maui Seaside Hotel
242,Mahebourg,MU,71.89,broken clouds,-20.4081,57.7,Shandrani Beachcomber Resort & Spa
244,Maragogi,BR,78.4,broken clouds,-9.0122,-35.2225,Salinas do Maragogi All Inclusive Resort
246,Carlisle,US,82.99,overcast clouds,40.2015,-77.1889,Fairfield Inn & Suites by Marriott Carlisle
249,Jiaonan,CN,71.56,overcast clouds,35.8786,119.9753,Vienna Hotel Qingdao Huangdao
250,Shimoda,JP,76.1,overcast clouds,34.6667,138.95,Shimoda Tokyu Hotel
251,Bereda,ES,74.14,overcast clouds,43.2686,-7.5406,Pazo de Verdes
253,Dharchula,IN,70.63,broken clouds,29.85,80.5333,Mahara Hotel
256,Pontivy,FR,73.98,broken clouds,48.0,-3.0,Frairie du Divit - Chambres d'h√¥tes √† Pontivy dans le Morbihan (small hotel near Pontivy)
258,Saint George,US,85.78,clear sky,37.1041,-113.5841,Best Western Plus Abbey Inn
260,Weligama,LK,77.14,broken clouds,5.9667,80.4167,Weligama Bay Resort
262,Bellinzona,CH,83.61,few clouds,46.1928,9.017,Albergo-Ristorante Croce Federale
264,Pemangkat,ID,76.48,moderate rain,1.1667,108.9667,Hotel Duyung Permai 2
267,Bouna,CI,81.59,moderate rain,9.2667,-3.0,H√¥tel lababa
268,Padang,ID,75.25,light rain,-0.9492,100.3543,Mercure Padang
269,Luce,FR,85.55,overcast clouds,48.4369,1.4636,Hotel & Spa Le Grand Monarque Chartres
270,Jieshi,CN,82.11,overcast clouds,22.8134,115.8257,Yuehai Hotel
272,Utraula,IN,86.68,scattered clouds,27.3167,82.4167,Taj Hotel and Lodge
273,Coldwater,US,70.03,mist,41.9403,-85.0005,Coldwater Inn & Suites
276,Chizhou,CN,74.8,scattered clouds,30.6578,117.4831,Home Inn Chizhou Qiupu West Road Xiushanmen Square
277,Margate,GB,76.87,broken clouds,51.3813,1.3862,Premier Inn Margate hotel
278,Naze,JP,81.52,moderate rain,28.3667,129.4833,Shishime Hotel
281,Natchitoches,US,76.05,overcast clouds,31.7668,-93.1335,Super 8 by Wyndham Natchitoches
284,Saint-Joseph,RE,70.18,light rain,-21.3667,55.6167,"""Plantation Bed and Breakfast"
287,Le Mans,FR,85.93,clear sky,48.0,0.2,ibis Styles Le Mans Centre Gare
288,Malanje,AO,85.37,broken clouds,-9.5402,16.341,Hotel Ginga
291,Lafiagi,NG,84.36,light rain,8.8667,5.4167,Bus group international
296,Monroe,US,71.28,light intensity drizzle,43.1501,-77.6831,Rodeway Inn Rochester Airport
297,Weida,DE,81.19,overcast clouds,50.7667,12.0667,"Ferienwohnung ""Haus Martha Weida"""
298,Jiuquan,CN,70.63,scattered clouds,39.7432,98.5174,Jiuquan Hotel
301,Granadilla De Abona,ES,73.04,broken clouds,28.1188,-16.576,Hotel Rural Senderos De Abona
303,Kotra,IN,89.2,broken clouds,25.8167,79.3167,Rathaur Samaj Dharmsala
304,Cabo San Lucas,MX,83.52,overcast clouds,22.8909,-109.9124,Hotel Tesoro Los Cabos
307,Santa Cruz,BO,75.25,broken clouds,-17.8,-63.1667,Aviador Hotel Boutique
309,Ixtapa,MX,85.23,overcast clouds,20.7,-105.2,hotel la terminal
310,Kinarut,MY,75.22,scattered clouds,5.8231,116.0466,Langkah Syabas Beach Resort
314,Lubango,AO,77.05,clear sky,-14.9172,13.4925,Hotel Serra da Chela
315,San Policarpo,PH,80.91,overcast clouds,12.1791,125.5072,Agapita M. Nicart
321,Wenling,CN,78.85,moderate rain,28.3669,121.36,Hanting Express Wenling Wanchang North Road
324,Aalst,BE,83.41,overcast clouds,50.9433,4.0735,Keizershof Hotel
326,Asheville,US,74.1,mist,35.6009,-82.554,Four Points by Sheraton Asheville Downtown
328,Port Blair,IN,78.84,drizzle,11.6667,92.75,"Welcomhotel By ITC Hotels, Bay Island, Port Blair"
330,Pampa,US,75.24,clear sky,35.5362,-100.9599,"Holiday Inn Express & Suites Pampa, an IHG Hotel"
331,Lata,PT,80.49,scattered clouds,40.1629,-8.3327,Casa Maquia
332,Bagepalli,IN,81.61,overcast clouds,13.7847,77.7931,Srinivasa Lodge
333,Shiyan,CN,71.85,overcast clouds,32.6475,110.7781,Fenghuang Garden Holiday Hotel
334,Halifax,CA,71.46,overcast clouds,44.6453,-63.5724,Hotel Halifax
337,Baker City,US,70.65,clear sky,44.7749,-117.8344,Bridge Street Inn
339,Kailua,US,77.02,broken clouds,21.4022,-157.7394,Sheffield House Bed & Breakfast
340,Quixada,BR,93.18,scattered clouds,-4.9714,-39.0153,Hotel Vale das Pedras
341,Akdagmadeni,TR,73.99,scattered clouds,39.6603,35.8836,Hanedan Otel
342,Sola,VU,80.08,overcast clouds,-13.8833,167.55,Leumerus Bungalows
343,Malpe,IN,81.7,overcast clouds,13.35,74.7167,Hotel Sri Krishna Residency
345,Seminole,US,89.2,few clouds,28.7086,-81.2081,Ono Hot Dog Cart and Catering Lemonade and Shaved Hawaiian Ice
347,Daru,PG,77.76,overcast clouds,-9.0763,143.2092,Daru Lodge
348,Clarksburg,US,82.51,clear sky,39.2807,-80.3445,Greenbrier Motel & Restaurant
352,Nobres,BR,88.61,broken clouds,-14.7203,-56.3275,Hotel Portal Nobres
356,Xuddur,SO,84.42,overcast clouds,4.1213,43.8894,Banjanay Hotel
359,Jishou,CN,72.95,scattered clouds,28.3167,109.7167,7 Days Inn
361,Pauini,BR,91.85,scattered clouds,-7.7136,-66.9764,Casa do Kiwliks
362,Kathmandu,NP,73.62,broken clouds,27.7167,85.3167,Hotel Shanker Kathmandu
363,Kindu,CD,81.21,overcast clouds,-2.95,25.95,R√©sidence Okanda
367,Nagato,JP,80.02,overcast clouds,34.3833,131.2,„ÅÑ„Åù„ÅÜÂ∫µ
368,Carutapera,BR,86.02,few clouds,-1.195,-46.02,Lidera
370,Faya,SA,82.51,broken clouds,18.3851,42.4509,ÿßŸÖŸÑÿßŸÉ ÿÆÿßŸÑÿØ ÿßŸÑÿ¥ÿπÿ¥Ÿàÿπ
372,Muroto,JP,81.59,overcast clouds,33.2833,134.15,Oota Ryokan
374,Maputo,MZ,74.68,clear sky,-25.9653,32.5892,Pestana Rovuma
379,Kencong,ID,76.51,overcast clouds,-8.2833,113.3667,GUBUK SUGIANTO
382,Ailigandi,PA,83.39,overcast clouds,9.2333,-78.0167,Akwa Reef Lodge
383,Hami,CN,78.15,clear sky,42.8,93.45,Laoyutang Resort
384,Delmenhorst,DE,82.15,clear sky,53.05,8.6167,Hotel-Restaurant Thomsen
387,Kulhudhuffushi,MV,80.87,overcast clouds,6.6221,73.07,Haajy Guest House 1
388,Tura,IN,74.43,broken clouds,25.5198,90.2201,Hotel RIKMAN Continental
390,Doka,SD,75.83,overcast clouds,13.5167,35.7667,Um Rakuba Refugee Camp
391,Acajutla,SV,82.6,broken clouds,13.5928,-89.8275,Laureles
392,Manacapuru,BR,91.96,clear sky,-3.2997,-60.6206,Novo Hotel
393,Arenal,CO,84.38,overcast clouds,8.4593,-73.9433,Hotel Azteca
394,Paripiranga,BR,78.06,broken clouds,-10.6875,-37.8617,Rancho N. Senhora De F√°tima
396,Mamallapuram,IN,86.05,few clouds,12.6264,80.1722,Radisson Blu Resort Temple Bay Mamallapuram
398,Domodossola,IT,84.42,broken clouds,46.1165,8.2931,Eurossola
399,Mancio Lima,BR,78.87,scattered clouds,-7.6142,-72.8958,Motel Asas Do Desejo
400,Williamsport,US,78.03,broken clouds,41.2412,-77.0011,Hampton Inn Williamsport-Downtown
403,Jaru,BR,93.2,broken clouds,-10.4389,-62.4664,Hotel Paran√°
404,Corinto,GR,86.9,clear sky,37.9407,22.9573,Ephira Hotel
405,Basco,PH,84.38,overcast clouds,20.4487,121.9702,Nathaniel's Lodge
406,Caditaan,PH,80.91,overcast clouds,12.8053,123.8492,Bucal-bucalan Spring Resort
408,Port Shepstone,ZA,74.32,clear sky,-30.7414,30.455,My Den Beachfront Bed and Breakfast | Self-Catering
411,Westport,US,82.29,few clouds,41.1415,-73.3579,The Westport Inn
412,Harlingen,US,84.88,clear sky,26.1906,-97.6961,Courtyard by Marriott Harlingen
413,The Valley,AI,85.86,scattered clouds,18.217,-63.0578,CeBlue Villas & Beach Resort
414,Chirongui,YT,76.93,clear sky,-12.9319,45.1483,La Villa Mahatsara
417,Muncar,ID,75.02,overcast clouds,-8.4333,114.3333,Zaky Homestay
420,Luganville,VU,77.07,overcast clouds,-15.5333,167.1667,The Espiritu Hotel
427,Boueni,YT,76.98,clear sky,-12.9025,45.0761,The feet in water
428,Marsh Harbour,BS,83.89,few clouds,26.5412,-77.0636,Abaco Beach Resort
430,Derzhavinsk,KZ,70.68,overcast clouds,51.1,66.3167,Ooo.khim Baza
431,Hernani,ES,82.81,few clouds,43.2662,-1.9762,Ibiltze
433,Pandan,PH,81.57,overcast clouds,14.0453,124.1694,Bonifacio Lodge
434,Maxixe,MZ,70.43,clear sky,-23.8597,35.3472,Oceano
437,Chiang Klang,TH,75.81,overcast clouds,19.2938,100.8617,Sangthong Resort
438,Nha Trang,VN,78.8,overcast clouds,12.25,109.1833,Hanoi Golden Hotel
439,Vao,NC,74.73,moderate rain,-22.6667,167.4833,Hotel Kou-Bugny
440,Vila Velha,BR,82.35,broken clouds,-20.3297,-40.2925,Hotel Vit√≥ria Palace
441,Caluquembe,AO,81.68,clear sky,-13.7833,14.6833,Hotel Kalukembe
442,Cayenne,GF,87.84,broken clouds,4.9333,-52.3333,H√¥tel Le Dronmi
447,Maceio,BR,80.04,broken clouds,-9.6658,-35.7353,Hotel Ponta Verde Macei√≥
448,Hasaki,JP,73.8,broken clouds,35.7333,140.8333,Inubosaki Kanko Hotel
450,Playas,EC,71.6,overcast clouds,-2.6333,-80.3833,Hostal Promenade
453,Hambantota,LK,79.14,scattered clouds,6.1241,81.1185,Bungalow 63
456,Pitiquito,MX,84.88,overcast clouds,30.7,-112.0833,La V√≠spera
458,Mahon,ES,86.56,few clouds,39.8885,4.2658,ARTIEM Capri
460,Quatre Cocos,MU,71.71,light rain,-20.2078,57.7625,Sunrise Attitude Hotel
463,Porto Velho,BR,84.25,few clouds,-8.7619,-63.9039,Ecos Hotel Conforto
465,Mayo,US,83.95,clear sky,38.8876,-76.5119,Resorts Resource Group International
467,Awjilah,LY,94.73,clear sky,29.1081,21.2869,ÿßŸÑŸÖŸÜÿ≤ŸÑ
468,Puerto El Triunfo,SV,81.52,broken clouds,13.2833,-88.55,Hotel Jardin
471,Kuala Pilah,MY,76.32,light rain,2.7389,102.2487,Orange Hotel Kuala Pilah
472,Callaway,US,84.94,few clouds,30.153,-85.5699,"Holiday Inn Express & Suites Panama City-Tyndall, an IHG Hotel"
474,Korba,IN,78.75,overcast clouds,22.35,82.6833,Hotel Deendayal
475,Gorontalo,ID,75.94,overcast clouds,0.5412,123.0595,Maqna Hotel by Prasanthi
478,Haimen,CN,84.09,overcast clouds,23.1935,116.6142,Shantou Chaoyang Donghui Hotel
481,Fethiye,TR,87.67,clear sky,36.6217,29.1164,Club & Hotel Letoonia
482,Mpwapwa,TZ,79.32,clear sky,-6.35,36.4833,THE ROYAL LODGE
483,Kaputa,ZM,86.97,clear sky,-8.4689,29.6619,Chelelwa Charlets
489,Broome,US,76.68,clear sky,42.2506,-75.833,Chenango Valley State Park
490,Tezpur,IN,77.34,overcast clouds,26.6333,92.8,Hotel Kanyapur
492,Manicore,BR,85.95,clear sky,-5.8092,-61.3003,Hotel Durval
495,Fuchu,JP,78.48,overcast clouds,35.6667,139.4833,Hotel Sunlight
496,Pombas,CV,83.98,broken clouds,17.1503,-25.0201,Paul Paradis
497,Callaguip,PH,80.24,overcast clouds,18.0714,120.4867,Pangil Beach Resort
499,Mingshui,CN,71.94,overcast clouds,36.7167,117.5,Grace Inn Zhangqiu Station Avenue Branch
500,Manggar,ID,81.19,overcast clouds,-2.8833,108.2667,Guest Hotel
501,Urumqi,CN,77.95,clear sky,43.801,87.6005,Hua Ling Grand Hotel Urumqi
504,Labuhan,ID,81.28,overcast clouds,-6.8844,112.2051,DoubleFAG
506,Lashio,MM,70.95,overcast clouds,22.9333,97.75,Hotel CF Lashio - Burmese Only
510,Mogadishu,SO,80.47,broken clouds,2.0371,45.3438,Hotel Juba
514,Waingapu,ID,77.88,broken clouds,-9.6567,120.2641,Pondok Wisata Elim
515,Mount Pleasant,US,87.01,few clouds,32.7941,-79.8626,Best Western Patriots Point
520,Kihei,US,80.83,clear sky,20.785,-156.4656,Maui Sunset
522,Sandakan,MY,76.68,scattered clouds,5.8402,118.1179,Hotel Sandakan
523,Yenisehir,TR,77.05,scattered clouds,40.2644,29.6531,√ñnc√º Sosyal Tesisleri
525,Fare,PF,78.31,clear sky,-16.7,-151.0167,Maitai Lapita Village Huahine
526,Kangly,RU,80.65,overcast clouds,44.2544,43.0308,Dom Otdykha
527,Lasa,IT,76.08,broken clouds,46.6166,10.7002,Pension Feldg√§rtenhof
531,Vallenar,CL,76.42,clear sky,-28.5708,-70.7581,Humacao Bed & Breakfast
533,Richmond,US,85.32,broken clouds,37.5538,-77.4603,"Holiday Inn Express Richmond - Downtown, an IHG Hotel"
534,Harper,LR,78.94,scattered clouds,4.375,-7.7169,Screensaver
536,Weilmunster,DE,82.45,overcast clouds,50.4333,8.3667,Wohnmobil-Stellplatz
537,Puerto Maldonado,PE,75.6,clear sky,-12.6,-69.1833,Wasai Hotel
538,Poli,TZ,73.67,scattered clouds,-3.3333,36.8,Urafiki House
543,Zhob,PK,83.26,clear sky,31.3411,69.4481,ROOM # 105 DUBAI HOTEL ZHOB
546,Bosaso,SO,89.91,clear sky,11.2842,49.1816,Red Sea Hotel
547,Altus,US,82.98,haze,34.6381,-99.334,"Holiday Inn Express & Suites Altus, an IHG Hotel"
548,Dawlatabad,AF,84.78,clear sky,36.4141,64.9053,WASIM ASGAR KHAN
549,Yulin,CN,77.34,overcast clouds,22.6333,110.15,ÁΩóÂºüÂ§©Êµ∑Â§ßÂé¶
552,Vila Franca Do Campo,PT,77.41,scattered clouds,37.7167,-25.4333,Pestana Bahia Praia
553,Damoh,IN,78.08,overcast clouds,23.8333,79.45,"Saansad Niwas, Damoh"
554,Pak Phanang,TH,78.82,moderate rain,8.3511,100.202,Green Park Inn Hotel
557,Mana,GF,87.13,broken clouds,5.6592,-53.7767,LE SAMANA
561,Los Llanos De Aridane,ES,72.12,broken clouds,28.6585,-17.9182,Valle Aridane
563,Kilindoni,TZ,75.58,few clouds,-7.9139,39.6668,Bustani B&B
565,San Roque,ES,81.43,clear sky,36.2107,-5.3842,Hotel Guadacorte Park
570,Laguna,US,85.08,clear sky,38.421,-121.4238,"Holiday Inn Express & Suites Elk Grove Central - Hwy 99, an IHG Hotel"
571,Yanam,IN,81.46,broken clouds,16.7333,82.2167,The Regency Hotel
572,Sattahip,TH,86.99,scattered clouds,12.6664,100.9007,Pob Choke Residences ( ‡∏û‡∏ö‡πÇ‡∏ä‡∏Ñ‡πÄ‡∏£‡∏î‡∏ã‡∏¥‡πÄ‡∏î‡πâ‡∏ô‡∏ó‡πå )
573,Lanxi,CN,74.57,overcast clouds,29.2195,119.477,Shangri-La Hotel
575,Ahuimanu,US,76.75,light rain,21.4447,-157.8378,Paradise Bay Resort
577,Saint-Maximin-La-Sainte-Baume,FR,83.25,few clouds,43.4521,5.8622,H√¥tel Le Couvent Royal Saint Maximin
578,Alenquer,BR,94.64,scattered clouds,-1.9417,-54.7383,Detinha Hotel
580,Bintulu,MY,77.41,few clouds,3.1667,113.0333,900 Boutique INN
581,Tirumullaivasal,IN,82.13,clear sky,11.2333,79.8333,AMEEN HOUSE
582,Koumac,NC,75.61,overcast clouds,-20.5667,164.2833,Le Monitel
584,Aljezur,PT,73.13,clear sky,37.3191,-8.8033,Amazigh Hostel
585,Sinnamary,GF,86.7,broken clouds,5.3833,-52.95,ALETHEIA Appartement Sinnamary
586,Yuzhou,CN,75.2,overcast clouds,34.1628,113.4639,Hancheng Wen Yuan Ge Hotel
588,Linguere,SN,88.9,overcast clouds,15.3953,-15.1193,AYO Casablanca
590,Caravelas,BR,82.0,clear sky,-17.7125,-39.2481,Pousada dos Navegantes
591,Mandera,KE,91.06,overcast clouds,3.9366,41.867,Red Sea Resort & Suites Mandera County
592,Tateyama,JP,76.1,broken clouds,34.9833,139.8667,Tateyama Seaside Hotel
593,Price,US,72.66,clear sky,39.5994,-110.8107,National 9 - Price River Inn
596,Bambanglipuro,ID,74.25,overcast clouds,-7.95,110.2833,Puri Brata
597,Quelimane,MZ,74.21,clear sky,-17.8786,36.8883,Hotel Flamingo
600,Kavaratti,IN,80.6,broken clouds,10.5669,72.642,Green leaf
604,Kimbe,PG,76.53,scattered clouds,-5.5502,150.1429,Kimbe Bay Hotel
605,Lompoc,US,86.77,clear sky,34.6391,-120.4579,"Holiday Inn Express Lompoc, an IHG Hotel"
606,Inhambane,MZ,70.66,clear sky,-23.865,35.3833,Oceano
608,Surt,LY,85.28,clear sky,31.2089,16.5887,ŸÅŸÜÿØŸÇ ÿßŸÑŸÖÿØŸäŸÜÿ©
610,Mazagao,BR,89.65,clear sky,-0.115,-51.2894,Recanto dos Ferreiras
613,Chabahar,IR,82.18,clear sky,25.2919,60.643,Ÿáÿ™ŸÑ ⁄ØÿØÿ±Ÿàÿ¥€åÿß
615,Kinshasa,CD,91.83,broken clouds,-4.3246,15.3215,Star Hotel II
616,Kaoma,ZM,91.04,clear sky,-14.7833,24.8,KAOMA AIRPORT
620,Razole,IN,81.61,broken clouds,16.4833,81.8333,Sterling Palavelli Godavari
621,Takoradi,GH,78.35,light rain,4.8845,-1.7554,Raybow International Hotel
622,Martaban,MM,78.94,overcast clouds,16.5314,97.6111,Lu Wa Gyi Guest House
623,Bad Driburg,DE,80.69,overcast clouds,51.7333,9.0167,Hotel am Rosenberg
625,Zharkent,KZ,75.43,clear sky,44.1628,80.0,–≥–æ—Å—Ç–∏–Ω–∏—Ü–∞ Satti
627,Minab,IR,93.52,clear sky,27.1467,57.0801,Bam campground
628,Manado,ID,75.97,scattered clouds,1.487,124.8455,Aryaduta Hotel
629,Puri,IN,81.12,broken clouds,19.8,85.85,OYO 1577 Hotel Shree Hari Grand
634,Libreville,GA,80.62,scattered clouds,0.3925,9.4537,Le M√©ridien Re-Ndama
635,Sao Raimundo Nonato,BR,91.99,clear sky,-9.0153,-42.6994,Real Hotel
638,Gunjur,GM,87.87,light rain,13.2019,-16.7339,Jallo Kurundingoto Eco Tourist Camp
639,Celle,DE,82.27,broken clouds,52.6226,10.0805,Hotel Borchers
641,Matara,LK,77.14,broken clouds,5.9485,80.5353,Amaloh Boutique Resort
643,Muisne,EC,74.86,overcast clouds,0.6,-80.0333,Quinta Samay
645,Cabadiangan,PH,78.44,overcast clouds,9.7531,122.4739,Kipot
646,Durban,ZA,81.52,clear sky,-29.8579,31.0292,Hilton Durban
647,Yarada,IN,82.72,scattered clouds,17.65,83.2667,Yarada Jungle Beach Resorts
648,Oranjestad,AW,85.95,few clouds,12.524,-70.027,Divi Village Golf & Beach Resort
651,Bradley,US,74.32,overcast clouds,35.1501,-84.8666,Howard Johnson by Wyndham Cleveland
653,Baft,IR,77.5,few clouds,29.234,56.6057,Paeez Hotel & restaurant
654,Greeneville,US,76.75,overcast clouds,36.1632,-82.831,General Morgan Inn and Conference Center
655,Pasighat,IN,75.02,overcast clouds,28.0667,95.3333,Siang Guest House
657,Manta,EC,73.18,overcast clouds,-0.95,-80.7333,Balandra Hotel
659,Oriximina,BR,94.28,few clouds,-1.7656,-55.8661,Pousada Tia Am√©lia
661,Katangi,IN,74.46,overcast clouds,23.45,79.7833,‡§ï‡§™‡§ø‡§≤
662,Leninskoye,KZ,81.54,clear sky,41.7589,69.3864,“ö–∞–ª–¥—ã–±–∞–π–¥—ã“£ “Ø–π—ñ üèòÔ∏è
663,Shache,CN,78.71,clear sky,38.4167,77.2406,Delong Hotel
665,Paris,FR,87.78,clear sky,48.8534,2.3488,Britannique Hotel - Paris Centre
666,Inirida,CO,80.71,overcast clouds,3.8653,-67.9239,Fuente del Guania Hotel de Lujo
667,Kelvington,CA,70.41,clear sky,52.1667,-103.5343,Sportsman Motel
668,Carballo,ES,72.43,overcast clouds,43.213,-8.691,Pazo do Souto
670,Teo,ES,73.53,scattered clouds,42.75,-8.5,Casa Rural Paz
671,Jiaozuo,CN,77.9,overcast clouds,35.2397,113.2331,Days Hotel and Suites Jiaozuo
673,Coracao De Jesus,BR,90.46,clear sky,-16.6853,-44.365,Hotel Neves
675,Cavalcante,BR,88.32,clear sky,-13.7975,-47.4583,Pousada Vila dos Ip√™s
677,Sibu,MY,75.51,scattered clouds,2.3,111.8167,RH HOTEL (4 Star)
681,Rio De Janeiro,BR,71.55,light intensity drizzle,-22.9028,-43.2075,Hotel cruz de ouro
683,Cabatuan,PH,77.27,overcast clouds,10.8794,122.486,MVC Transient Room
685,Danville,US,79.29,broken clouds,36.586,-79.395,"Holiday Inn Express Danville, an IHG Hotel"
686,Chhata,IN,91.17,clear sky,27.7167,77.5,Raja earth movers
687,Vicuna,CL,78.76,clear sky,-30.0319,-70.7081,Los Mosaicos
688,Ushibuka,JP,81.36,moderate rain,32.1906,130.0228,Hotei
693,Middelburg,ZA,77.2,scattered clouds,-25.7751,29.4648,Oregon Place Guest House
697,Touho,NC,74.12,overcast clouds,-20.7833,165.2333,Auberge Timay Evasion
699,Pyay,MM,78.93,broken clouds,18.8167,95.2167,Shwe Pyi Thar
700,Granger,US,71.06,overcast clouds,41.7481,-86.1257,Red Roof Inn South Bend - Mishawaka
702,Erzincan,TR,88.9,few clouds,39.75,39.5,Eriza Boutique Hotel
703,Cockburn Town,TC,85.96,few clouds,21.4612,-71.1419,Osprey Beach Hotel
705,Mahibadhoo,MV,77.59,moderate rain,3.7833,72.9667,Omadhoo Inn
706,Jega,NG,89.8,overcast clouds,12.2175,4.3792,ALH. Nasiru Ibrahim
708,Akyab,MM,83.73,overcast clouds,20.15,92.9,·Äü·Ä≠·ÄØ·Äê·Äö·Ä∫ ·Äô·Äî·Ä∫·Äô·Ä≠·ÄØ·Äõ·ÄÆ
711,Punto Fijo,VE,85.35,overcast clouds,11.6956,-70.1996,Santa Fe Inn Hotel
712,Gigmoto,PH,81.82,overcast clouds,13.7796,124.39,Cj's Travellers Inn
