City_ID,City,Country,Lat,Lng,Max Temp,Humidity,Cloudiness,Wind Speed,Current Description
0,Thompson,CA,55.7435,-97.8558,62.76,77,0,9.22,clear sky
1,Vardo,NO,70.3705,31.1107,48.18,81,100,21.85,overcast clouds
2,Vaini,TO,-21.2,-175.2,66.36,94,20,4.61,few clouds
3,Rikitea,PF,-23.1203,-134.9692,70.84,64,100,17.38,overcast clouds
4,Avarua,CK,-21.2078,-159.775,71.65,83,99,3.44,overcast clouds
5,Provideniya,RU,64.3833,-173.3,43.79,90,98,10.67,overcast clouds
6,Chokurdakh,RU,70.6333,147.9167,35.96,97,100,14.07,light rain
7,Dikson,RU,73.5069,80.5464,41.0,79,30,15.32,scattered clouds
8,Bagdarin,RU,54.4333,113.6,39.42,98,100,7.34,overcast clouds
9,Kabwe,ZM,-14.4469,28.4464,84.2,19,0,8.75,clear sky
10,Izyum,UA,49.2088,37.2485,54.07,62,96,11.95,overcast clouds
11,Castelo Branco,PT,39.8222,-7.4909,80.01,39,0,9.73,clear sky
12,Mataura,NZ,-46.1927,168.8643,41.49,98,100,8.43,overcast clouds
13,Kipushi,CD,-11.7667,27.2333,85.55,20,7,2.89,clear sky
14,Hilo,US,19.7297,-155.09,76.28,92,75,5.75,broken clouds
15,Bairiki,KI,1.3292,172.9752,80.6,83,20,5.75,few clouds
16,Hermanus,ZA,-34.4187,19.2345,54.81,82,94,27.27,moderate rain
17,Cecina,IT,43.3128,10.524,86.29,58,27,5.32,scattered clouds
18,Yellowknife,CA,62.456,-114.3525,59.56,77,75,9.22,broken clouds
19,Sungairaya,ID,0.7,108.9,75.79,85,100,9.84,overcast clouds
20,Tiksi,RU,71.6872,128.8694,39.65,74,100,22.39,overcast clouds
21,Ojhar,IN,20.1,73.9333,74.98,93,100,6.46,light rain
22,Keti Bandar,PK,24.1447,67.4497,81.64,80,46,20.0,scattered clouds
23,Saldanha,ZA,-33.0117,17.9442,57.25,82,100,20.78,light rain
24,Kloulklubed,PW,7.0419,134.2556,75.7,77,100,5.41,overcast clouds
25,Hobart,AU,-42.8794,147.3294,46.26,86,75,8.05,broken clouds
26,Arraial Do Cabo,BR,-22.9661,-42.0278,67.86,77,100,11.5,overcast clouds
27,Albany,US,42.6001,-73.9662,78.67,78,29,0.45,scattered clouds
28,Sinazongwe,ZM,-17.2614,27.4618,82.22,37,0,5.64,clear sky
29,Celestun,MX,20.8667,-90.4,82.72,70,88,8.05,overcast clouds
30,Chuy,UY,-33.6971,-53.4616,59.04,52,0,7.72,clear sky
31,Concordia,AR,-31.393,-58.0209,59.07,48,0,11.99,clear sky
32,Bredasdorp,ZA,-34.5322,20.0403,52.02,86,47,22.32,moderate rain
33,Cape Town,ZA,-33.9258,18.4232,56.08,87,100,23.02,moderate rain
34,Jumla,NP,29.2747,82.1838,61.09,89,74,3.78,broken clouds
35,Ilulissat,GL,69.2167,-51.1,42.82,87,20,2.3,few clouds
36,Nemuro,JP,43.3236,145.575,63.86,88,7,7.76,clear sky
37,Axim,GH,4.8699,-2.2405,79.75,75,30,9.82,scattered clouds
38,Luderitz,NA,-26.6481,15.1594,61.03,60,0,8.12,clear sky
39,Victoria,HK,22.2855,114.1577,90.32,63,78,10.0,broken clouds
40,Lorengau,PG,-2.0226,147.2712,81.79,71,6,10.85,clear sky
41,Victor Harbor,AU,-35.5667,138.6167,53.01,70,94,8.21,overcast clouds
42,Buala,SB,-8.145,159.5921,78.93,82,20,4.18,light rain
43,Lagoa,PT,39.05,-27.9833,71.2,70,8,11.59,clear sky
44,San Quintin,MX,30.4833,-115.95,77.41,80,100,2.68,overcast clouds
45,Aklavik,CA,68.2191,-135.0107,46.4,100,100,4.61,fog
46,Atar,MR,20.5169,-13.0499,102.99,20,27,5.57,scattered clouds
47,Roald,NO,62.5833,6.1333,67.15,77,20,6.91,few clouds
48,Bonavista,CA,48.6499,-53.1147,63.82,72,0,5.79,clear sky
49,Mar Del Plata,AR,-38.0023,-57.5575,64.42,34,0,16.11,clear sky
50,Nome,US,64.5011,-165.4064,42.87,87,40,3.44,scattered clouds
51,Whitianga,NZ,-36.8333,175.7,49.15,84,100,2.68,light rain
52,Ushuaia,AR,-54.8,-68.3,38.93,79,55,7.0,broken clouds
53,Buritizeiro,BR,-17.3511,-44.9622,92.43,16,4,4.21,clear sky
54,Hualmay,PE,-11.0964,-77.6139,63.52,73,57,6.2,broken clouds
55,Baruun-Urt,MN,46.6806,113.2792,35.1,91,47,11.81,scattered clouds
56,Jamestown,US,42.097,-79.2353,74.01,70,20,1.99,few clouds
57,Airai,TL,-8.9266,125.4092,60.42,94,91,2.06,overcast clouds
58,Kruisfontein,ZA,-34.0033,24.7314,69.89,54,0,9.91,clear sky
59,Cabra,ES,37.4725,-4.4421,87.66,27,3,3.0,clear sky
60,Busselton,AU,-33.65,115.3333,56.3,84,26,5.53,scattered clouds
61,Tasiilaq,GL,65.6145,-37.6368,42.96,99,100,5.26,light rain
62,Sabirabad,AZ,40.0095,48.4752,92.86,20,0,14.88,clear sky
63,Neiba,DO,18.5,-71.4167,88.38,42,1,4.09,clear sky
64,Roshchino,RU,60.2519,29.6085,50.23,67,95,8.25,overcast clouds
65,Pringsewu,ID,-5.3582,104.9744,75.04,91,100,6.69,overcast clouds
66,Aguas Vermelhas,BR,-15.7472,-41.46,85.33,22,5,6.04,clear sky
67,Palmer,US,42.1584,-72.3287,77.95,69,75,0.0,broken clouds
68,Manjeshwar,IN,12.7194,74.8861,81.55,86,98,3.69,light rain
69,Ahipara,NZ,-35.1667,173.1667,56.48,91,100,8.01,overcast clouds
70,Vilhena,BR,-12.7406,-60.1458,77.22,50,33,14.97,smoke
71,New Norfolk,AU,-42.7826,147.0587,45.9,72,62,1.99,broken clouds
72,Fort Oglethorpe,US,34.949,-85.2569,74.91,95,100,0.0,mist
73,Calama,CL,-22.4667,-68.9333,61.29,11,0,13.8,clear sky
74,Kokopo,PG,-4.352,152.2633,76.86,77,1,2.75,clear sky
75,Tezu,IN,27.9167,96.1667,74.23,98,100,2.95,overcast clouds
76,Shkotovo,RU,43.3319,132.3625,56.48,93,75,4.47,light intensity shower rain
77,Severo-Kurilsk,RU,50.6789,156.125,53.98,95,48,8.39,scattered clouds
78,Kalaleh,IR,37.3807,55.4916,98.96,29,0,6.91,clear sky
79,Murgab,TM,37.4966,61.9714,94.87,17,0,6.91,clear sky
80,Naryan-Mar,RU,67.6713,53.087,44.15,79,98,13.78,overcast clouds
81,Baherden,TM,38.4362,57.4316,90.36,11,0,3.02,clear sky
82,Geraldton,AU,-28.7667,114.6,61.21,94,75,12.66,broken clouds
83,Roxana,CR,10.2753,-83.7513,88.03,63,42,2.89,scattered clouds
84,Punta Arenas,CL,-53.15,-70.9167,37.51,75,0,11.5,clear sky
85,Saint-Pierre,RE,-21.3393,55.4781,71.91,77,20,24.16,few clouds
86,Saskylakh,RU,71.9167,114.0833,39.02,70,0,8.48,clear sky
87,Ribeira Grande,PT,38.5167,-28.7,77.4,65,20,11.5,few clouds
88,Kitgum,UG,3.2783,32.8867,73.85,84,19,3.24,light rain
89,Mfou,CM,3.7159,11.6427,74.89,84,91,3.71,light rain
90,Norman Wells,CA,65.282,-126.8329,44.64,93,75,0.0,broken clouds
91,Yeppoon,AU,-23.1333,150.7333,58.78,83,16,12.35,few clouds
92,Ancud,CL,-41.8697,-73.8203,56.23,74,91,0.87,overcast clouds
93,Hamilton,US,39.1834,-84.5333,73.76,96,100,1.01,mist
94,Narsaq,GL,60.9167,-46.05,52.02,79,16,4.5,few clouds
95,Saint-Philippe,RE,-21.3585,55.7679,71.22,84,40,14.18,light rain
96,Brits,ZA,-25.6347,27.7802,85.73,9,36,6.89,scattered clouds
97,Freeport,US,40.6576,-73.5832,81.48,72,20,11.5,few clouds
98,Littleton,US,39.6133,-105.0166,80.89,50,0,0.0,clear sky
99,Lebu,CL,-37.6167,-73.65,53.85,72,6,13.87,clear sky
100,Banda Aceh,ID,5.5577,95.3222,79.14,76,93,12.71,overcast clouds
101,Ponta Do Sol,PT,32.6667,-17.1,79.72,74,53,5.73,broken clouds
102,Zhangye,CN,38.9342,100.4517,66.94,20,20,7.14,few clouds
103,Guerrero Negro,MX,27.9769,-114.0611,80.37,75,100,1.61,overcast clouds
104,Pevek,RU,69.7008,170.3133,33.39,99,100,2.84,overcast clouds
105,La Trinidad,PH,16.455,120.5875,64.35,91,100,1.05,overcast clouds
106,Ukiah,US,39.1502,-123.2078,66.65,76,0,0.0,clear sky
107,Iqaluit,CA,63.7506,-68.5145,42.53,81,100,27.63,overcast clouds
108,Beringovskiy,RU,63.05,179.3167,49.44,94,97,10.78,overcast clouds
109,Kaitangata,NZ,-46.2817,169.8464,37.45,91,94,14.52,overcast clouds
110,Katsuura,JP,35.1333,140.3,77.77,86,71,4.54,broken clouds
111,Bektemir,UZ,41.2097,69.3342,87.85,30,0,4.61,clear sky
112,Baykit,RU,61.67,96.37,46.18,92,100,11.9,light rain
113,Ust-Nera,RU,64.5667,143.2,35.01,79,32,5.5,scattered clouds
114,Kapaa,US,22.0752,-159.319,77.32,87,0,12.66,clear sky
115,Sao Felix Do Xingu,BR,-6.6447,-51.995,98.29,20,39,4.38,scattered clouds
116,Thanh Hoa,VN,19.8,105.7667,77.99,85,62,2.15,broken clouds
117,Deer Lake,CA,49.1667,-57.4316,66.06,68,40,2.3,scattered clouds
118,Pacific Grove,US,36.6177,-121.9166,60.1,89,0,10.0,clear sky
119,Puerto Ayora,EC,-0.7393,-90.3518,71.56,96,100,5.01,overcast clouds
120,Isangel,VU,-19.55,169.2667,76.78,90,100,13.4,light rain
121,La Ronge,CA,55.1001,-105.2842,64.65,68,0,4.61,haze
122,Khatanga,RU,71.9667,102.5,42.51,70,100,5.64,overcast clouds
123,Gondanglegi,ID,-7.7479,112.0132,75.78,85,100,11.56,overcast clouds
124,Hobyo,SO,5.3505,48.5268,76.95,80,5,27.65,clear sky
125,Castro,BR,-24.7911,-50.0119,54.16,74,99,8.7,overcast clouds
126,Taoudenni,ML,22.6783,-3.9836,111.13,12,4,2.46,clear sky
127,Nishihara,JP,26.1842,127.7558,84.25,81,100,41.43,moderate rain
128,Seoul,KR,37.5683,126.9778,74.59,94,100,4.61,light rain
129,Port Elizabeth,ZA,-33.918,25.5701,72.1,43,0,8.05,clear sky
130,Acapulco,MX,16.8634,-99.8901,80.42,78,100,10.36,overcast clouds
131,Dickinson,US,29.4608,-95.0513,77.99,93,75,4.61,broken clouds
132,Krasnoselkup,RU,65.7,82.4667,45.82,86,100,12.68,overcast clouds
133,Kishapu,TZ,-3.6167,33.8667,87.53,20,9,2.91,clear sky
134,Faanui,PF,-16.4833,-151.75,77.7,78,40,15.08,light rain
135,Sao Joao Dos Patos,BR,-6.495,-43.7022,94.1,27,20,9.1,few clouds
136,Pecos,US,31.4229,-103.4932,72.86,88,0,0.0,clear sky
137,Fallon,US,39.4735,-118.7774,64.27,45,0,5.75,clear sky
138,Hithadhoo,MV,-0.6,73.0833,81.59,70,100,16.87,overcast clouds
139,Longyearbyen,SJ,78.2186,15.6401,42.64,81,75,12.66,light intensity drizzle
140,Waipawa,NZ,-41.4122,175.5153,43.59,91,95,8.08,overcast clouds
141,Kununurra,AU,-15.7667,128.7333,71.58,53,2,1.14,clear sky
142,Fandriana,MG,-20.2333,47.3833,54.55,81,2,7.14,clear sky
143,Butaritari,KI,3.0707,172.7902,82.29,72,54,14.27,broken clouds
144,Tocopilla,CL,-22.092,-70.1979,66.72,57,3,6.06,clear sky
145,Barrow,US,71.2906,-156.7887,41.02,93,100,10.36,light rain
146,Yerofey Pavlovich,RU,53.9667,121.9667,55.24,97,100,8.99,light rain
147,Gornozavodsk,RU,58.3758,58.3211,45.68,72,76,6.76,broken clouds
148,Aloleng,PH,16.1307,119.7824,80.96,82,100,15.14,light rain
149,Uaua,BR,-9.8414,-39.4817,79.97,50,66,16.46,broken clouds
150,Egvekinot,RU,66.3167,-179.1667,32.41,88,100,9.46,snow
151,Storslett,NO,69.7678,21.0247,50.0,87,100,9.22,overcast clouds
152,Georgetown,MY,5.4112,100.3354,82.35,82,20,2.3,few clouds
153,Yantal,RU,56.8471,105.2542,36.9,85,100,0.29,overcast clouds
154,Itirucu,BR,-13.5317,-40.1503,81.86,36,28,4.68,scattered clouds
155,Grand Gaube,MU,-20.0064,57.6608,72.0,73,2,5.99,clear sky
156,East London,ZA,-33.0153,27.9116,74.34,60,0,5.75,clear sky
157,Lima,PE,-12.0432,-77.0282,60.91,84,100,5.75,overcast clouds
158,Namibe,AO,-15.1961,12.1522,67.42,80,49,16.04,scattered clouds
159,Birao,CF,10.2849,22.7882,75.38,86,71,4.88,light rain
160,Harindanga,IN,22.0383,88.3214,85.8,74,74,9.06,broken clouds
161,Alice Springs,AU,-23.7,133.8833,57.22,26,8,0.0,clear sky
162,Gambela,ET,8.25,34.5833,77.95,86,40,1.39,light rain
163,Leningradskiy,RU,69.3833,178.4167,33.6,85,99,5.23,overcast clouds
164,Atuona,PF,-9.8,-139.0333,76.5,70,8,20.22,clear sky
165,Houlton,US,46.1262,-67.8403,63.72,75,100,0.0,overcast clouds
166,Rusape,ZW,-18.5278,32.1284,76.75,17,0,8.81,clear sky
167,Necochea,AR,-38.5473,-58.7368,64.9,36,6,15.82,clear sky
168,Pativilca,PE,-10.7,-77.7833,63.77,72,53,7.27,broken clouds
169,Shumerlya,RU,55.5005,46.4129,54.25,52,100,3.24,overcast clouds
170,Rexburg,US,43.826,-111.7897,65.71,54,0,0.0,clear sky
171,Bluff,NZ,-46.6,168.3333,41.81,74,100,24.79,overcast clouds
172,Touros,BR,-5.1989,-35.4608,81.12,71,69,15.05,broken clouds
173,Port-Gentil,GA,-0.7193,8.7815,80.56,74,40,16.11,scattered clouds
174,Kavieng,PG,-2.5744,150.7967,82.13,72,0,14.03,clear sky
175,Nikolskoye,RU,59.7035,30.7861,52.88,83,83,6.62,broken clouds
176,Bubaque,GW,11.2833,-15.8333,79.79,80,51,12.73,light rain
177,San Angelo,US,31.4638,-100.437,78.58,79,0,5.75,clear sky
178,Pulandian,CN,39.3953,121.9669,65.3,94,100,5.06,moderate rain
179,Port Alfred,ZA,-33.5906,26.891,68.18,80,3,1.99,clear sky
180,Loiza,PR,18.4313,-65.8802,87.8,83,75,12.66,broken clouds
181,Wajir,KE,1.7471,40.0573,91.36,29,20,11.5,few clouds
182,Carnarvon,AU,-24.8667,113.6333,65.89,65,6,15.93,clear sky
183,Sao Filipe,CV,14.8961,-24.4956,80.37,76,99,1.54,light rain
184,Mnogovershinnyy,RU,53.9353,139.9242,56.98,92,8,4.52,clear sky
185,Ketchikan,US,55.3422,-131.6461,54.07,100,100,10.36,overcast clouds
186,Mezen,RU,65.8522,44.24,46.92,73,100,10.6,overcast clouds
187,Torbay,CA,47.6666,-52.7314,68.88,89,75,6.91,mist
188,Chifeng,CN,42.2683,118.9636,70.09,52,13,18.97,few clouds
189,La Rioja,ES,42.25,-2.5,80.38,15,14,7.05,few clouds
190,Alugan,PH,12.2188,125.4808,80.53,86,100,7.9,overcast clouds
191,Kodiak,US,57.79,-152.4072,47.71,93,100,0.0,overcast clouds
192,Mecca,SA,21.4267,39.8261,95.85,35,2,10.11,clear sky
193,Tabas,IR,33.5959,56.9244,98.82,8,0,9.22,clear sky
194,Souillac,MU,-20.5167,57.5167,71.98,83,75,9.22,light rain
195,Bengkulu,ID,-3.8004,102.2655,76.71,84,100,3.83,overcast clouds
196,Olafsvik,IS,64.8945,-23.7142,51.53,71,24,7.09,few clouds
197,Mahajanga,MG,-15.7167,46.3167,82.42,47,20,10.36,few clouds
198,Botiza,RO,47.6667,24.15,65.21,67,99,2.21,overcast clouds
199,Itarema,BR,-2.9248,-39.9167,87.96,54,12,20.29,few clouds
200,Kyren,RU,51.6828,102.1408,38.66,83,9,1.61,clear sky
201,Ambilobe,MG,-13.2,49.05,73.9,59,77,3.94,broken clouds
202,Bethel,US,41.3712,-73.414,79.16,76,40,8.05,scattered clouds
203,Elko,US,41.0002,-115.5012,57.22,18,0,1.54,clear sky
204,Williston,US,48.147,-103.618,70.32,30,0,16.24,clear sky
205,Rio Grande,BR,-32.035,-52.0986,68.11,48,0,3.15,clear sky
206,San Cristobal,VE,7.7669,-72.225,78.98,70,100,7.31,overcast clouds
207,Tuktoyaktuk,CA,69.4541,-133.0374,50.0,100,75,4.61,fog
208,Bathsheba,BB,13.2167,-59.5167,84.81,74,40,14.97,scattered clouds
209,Sambava,MG,-14.2667,50.1667,71.58,76,51,14.74,broken clouds
210,Menongue,AO,-14.6585,17.691,88.7,9,20,2.08,few clouds
211,Rocha,UY,-34.4833,-54.3333,61.39,45,0,8.93,clear sky
212,Bambous Virieux,MU,-20.3428,57.7575,71.85,83,75,9.22,light rain
213,Geelong,AU,-38.1471,144.3607,49.06,89,100,4.61,overcast clouds
214,Abalak,RU,58.1286,68.5944,51.03,55,100,8.1,overcast clouds
215,Saint-Augustin,CA,51.226,-58.6502,68.16,57,98,10.42,overcast clouds
216,Nuuk,GL,64.1835,-51.7216,47.01,100,75,3.44,fog
217,San Patricio,US,28.017,-97.5169,80.46,93,100,7.78,overcast clouds
218,Upernavik,GL,72.7868,-56.1549,45.68,86,100,8.57,overcast clouds
219,Sitka,US,57.0531,-135.33,53.49,87,75,5.75,light rain
220,Asmara,ER,15.3333,38.9333,65.26,66,12,4.7,few clouds
221,Umm Lajj,SA,25.0213,37.2685,86.83,73,0,5.06,clear sky
222,Shenjiamen,CN,29.9576,122.298,80.06,89,100,29.35,overcast clouds
223,College,US,64.8569,-147.8028,52.59,93,100,11.5,overcast clouds
224,Qaanaaq,GL,77.484,-69.3632,38.16,99,100,9.51,overcast clouds
225,Porto Novo,BJ,6.4965,2.6036,78.62,69,68,11.61,broken clouds
226,Ushtobe,KZ,45.2514,77.9838,76.84,23,0,10.04,clear sky
227,Brigantine,US,39.4101,-74.3646,84.2,70,0,7.0,clear sky
228,Bud,US,39.447,-86.1758,74.05,94,86,7.0,overcast clouds
229,Khandyga,RU,62.6667,135.6,37.47,94,17,0.45,few clouds
230,Bandarbeyla,SO,9.4942,50.8122,78.04,79,4,30.6,clear sky
231,Pisco,PE,-13.7,-76.2167,60.85,82,75,3.44,mist
232,Champerico,GT,14.3,-91.9167,81.14,81,100,2.86,overcast clouds
233,Samarai,PG,-10.6167,150.6667,80.56,82,39,8.12,scattered clouds
234,Constitucion,CL,-35.3333,-72.4167,60.48,58,0,5.73,clear sky
235,Nakusp,CA,50.2499,-117.8023,66.54,48,99,5.75,overcast clouds
236,Luzilandia,BR,-3.4578,-42.3703,98.87,28,8,5.99,clear sky
237,Tikapur,NP,28.5,81.1333,80.22,78,49,5.88,scattered clouds
238,Morondava,MG,-20.2833,44.2833,75.67,66,0,17.65,clear sky
239,Bridgewater,CA,44.3835,-64.5155,73.67,74,55,3.44,broken clouds
240,Kahului,US,20.8947,-156.47,80.83,83,0,11.99,clear sky
241,Sao Joao Da Barra,BR,-21.6403,-41.0511,68.09,79,99,20.49,overcast clouds
242,Mahebourg,MU,-20.4081,57.7,71.89,83,75,9.22,broken clouds
243,Lavrentiya,RU,65.5833,-171.0,39.79,84,100,11.01,overcast clouds
244,Maragogi,BR,-9.0122,-35.2225,78.4,67,84,11.92,broken clouds
245,Kemijarvi,FI,66.7131,27.4306,48.36,73,100,6.31,overcast clouds
246,Carlisle,US,40.2015,-77.1889,82.99,73,99,0.98,overcast clouds
247,Berlevag,NO,70.8578,29.0864,48.2,87,100,19.57,overcast clouds
248,Esperance,AU,-33.8667,121.9,56.52,66,9,17.34,clear sky
249,Jiaonan,CN,35.8786,119.9753,71.56,90,95,2.68,overcast clouds
250,Shimoda,JP,34.6667,138.95,76.1,86,88,6.8,overcast clouds
251,Bereda,ES,43.2686,-7.5406,74.14,51,99,9.01,overcast clouds
252,Port Hedland,AU,-20.3167,118.5667,64.45,88,0,5.75,clear sky
253,Dharchula,IN,29.85,80.5333,70.63,90,56,3.11,broken clouds
254,Goderich,CA,43.7501,-81.7165,62.92,88,100,9.22,overcast clouds
255,Zelenoborsk,RU,61.4669,64.0333,44.65,75,71,11.86,broken clouds
256,Pontivy,FR,48.0,-3.0,73.98,54,83,17.83,broken clouds
257,Sunbury,AU,-37.5833,144.7333,48.83,96,75,5.75,broken clouds
258,Saint George,US,37.1041,-113.5841,85.78,28,0,0.0,clear sky
259,Otavi,NA,-19.65,17.3333,84.9,9,0,4.21,clear sky
260,Weligama,LK,5.9667,80.4167,77.14,91,81,7.65,broken clouds
261,Whitehorse,CA,60.7161,-135.0538,38.17,81,75,2.3,broken clouds
262,Bellinzona,CH,46.1928,9.017,83.61,56,20,4.61,few clouds
263,Klaksvik,FO,62.2266,-6.589,59.92,89,85,21.56,overcast clouds
264,Pemangkat,ID,1.1667,108.9667,76.48,83,100,9.6,moderate rain
265,Nanortalik,GL,60.1432,-45.2371,47.07,86,58,0.69,broken clouds
266,Avera,US,33.194,-82.5271,81.55,72,88,9.08,overcast clouds
267,Bouna,CI,9.2667,-3.0,81.59,71,62,2.77,moderate rain
268,Padang,ID,-0.9492,100.3543,75.25,81,99,1.92,light rain
269,Luce,FR,48.4369,1.4636,85.55,45,88,8.99,overcast clouds
270,Jieshi,CN,22.8134,115.8257,82.11,65,100,13.67,overcast clouds
271,Broken Hill,AU,-31.95,141.4333,47.61,65,100,7.23,overcast clouds
272,Utraula,IN,27.3167,82.4167,86.68,58,33,1.12,scattered clouds
273,Coldwater,US,41.9403,-85.0005,70.03,94,100,5.75,mist
274,Qasigiannguit,GL,68.8193,-51.1922,43.05,82,76,1.28,broken clouds
275,Buraydah,SA,26.326,43.975,108.05,7,0,12.15,clear sky
276,Chizhou,CN,30.6578,117.4831,74.8,69,31,4.61,scattered clouds
277,Margate,GB,51.3813,1.3862,76.87,62,83,7.0,broken clouds
278,Naze,JP,28.3667,129.4833,81.52,85,100,31.76,moderate rain
279,Channel-Port Aux Basques,CA,47.5702,-59.1367,64.65,63,57,4.29,broken clouds
280,Optasi,RO,44.5833,24.65,69.76,56,28,3.6,scattered clouds
281,Natchitoches,US,31.7668,-93.1335,76.05,87,100,3.74,overcast clouds
282,Port Lincoln,AU,-34.7333,135.8667,52.2,73,100,14.41,overcast clouds
283,Simbahan,PH,6.3032,120.5836,82.94,72,86,3.2,light rain
284,Saint-Joseph,RE,-21.3667,55.6167,70.18,81,35,14.7,light rain
285,Saint Anthony,US,45.0205,-93.218,63.25,79,0,8.05,clear sky
286,Half Moon Bay,US,37.4636,-122.4286,68.86,85,0,6.91,clear sky
287,Le Mans,FR,48.0,0.2,85.93,37,0,9.22,clear sky
288,Malanje,AO,-9.5402,16.341,85.37,29,79,1.86,broken clouds
289,Okha,RU,53.5739,142.9478,55.42,94,10,8.52,clear sky
290,Sorland,NO,67.667,12.6934,55.26,76,0,5.75,clear sky
291,Lafiagi,NG,8.8667,5.4167,84.36,75,69,1.5,light rain
292,Alofi,NU,-19.0595,-169.9187,60.69,94,17,1.14,few clouds
293,Talnakh,RU,69.4865,88.3972,43.21,92,100,7.05,light rain
294,Leh,IN,34.1667,77.5833,64.29,32,98,6.08,overcast clouds
295,Pankovka,RU,58.5,31.1999,50.36,78,100,5.26,light rain
296,Monroe,US,43.1501,-77.6831,71.28,94,100,16.11,light intensity drizzle
297,Weida,DE,50.7667,12.0667,81.19,50,88,0.87,overcast clouds
298,Jiuquan,CN,39.7432,98.5174,70.63,16,25,10.54,scattered clouds
299,Lufilufi,WS,-13.8745,-171.5986,69.58,79,21,18.63,light rain
300,Teya,RU,60.3778,92.6267,51.44,79,100,11.34,light rain
301,Granadilla De Abona,ES,28.1188,-16.576,73.04,86,59,10.63,broken clouds
302,Votkinsk,RU,57.0486,53.9872,54.77,53,100,5.12,overcast clouds
303,Kotra,IN,25.8167,79.3167,89.2,57,63,9.44,broken clouds
304,Cabo San Lucas,MX,22.8909,-109.9124,83.52,81,90,1.01,overcast clouds
305,North Bend,US,43.4065,-124.2243,55.85,100,20,6.91,few clouds
306,Hofn,IS,64.2539,-15.2082,55.42,67,75,8.05,broken clouds
307,Santa Cruz,BO,-17.8,-63.1667,75.25,25,75,20.71,broken clouds
308,Lurgan,GB,54.4608,-6.3294,66.43,66,16,13.27,few clouds
309,Ixtapa,MX,20.7,-105.2,85.23,94,100,0.0,overcast clouds
310,Kinarut,MY,5.8231,116.0466,75.22,100,40,2.3,scattered clouds
311,Port Augusta,AU,-32.5,137.7667,50.11,65,100,5.97,overcast clouds
312,Iki-Burul,RU,45.8208,44.6472,82.24,35,52,13.4,broken clouds
313,General Roca,AR,-39.0333,-67.5833,65.62,18,3,6.2,clear sky
314,Lubango,AO,-14.9172,13.4925,77.05,26,5,7.34,clear sky
315,San Policarpo,PH,12.1791,125.5072,80.91,86,100,8.21,overcast clouds
316,Verkhniy Avzyan,RU,53.5289,57.5372,49.08,88,100,2.19,overcast clouds
317,Portland,US,45.5234,-122.6762,62.46,88,0,5.75,clear sky
318,Brae,GB,60.3964,-1.353,60.12,82,100,18.75,overcast clouds
319,Lensk,RU,60.7253,114.9278,41.13,97,100,4.09,overcast clouds
320,Pangody,RU,65.85,74.4859,43.48,89,96,14.79,overcast clouds
321,Wenling,CN,28.3669,121.36,78.85,87,100,22.7,moderate rain
322,Cherskiy,RU,68.75,161.3,35.56,85,100,5.01,overcast clouds
323,San Benito,US,36.6166,-121.0844,52.95,22,0,2.93,clear sky
324,Aalst,BE,50.9433,4.0735,83.41,36,100,10.63,overcast clouds
325,Havoysund,NO,70.9963,24.6622,48.43,83,100,15.3,overcast clouds
326,Asheville,US,35.6009,-82.554,74.1,90,100,5.75,mist
327,Longyan,CN,25.1072,117.0225,69.91,86,19,3.89,few clouds
328,Port Blair,IN,11.6667,92.75,78.84,89,40,4.61,drizzle
329,Elat,IL,29.5581,34.9482,100.24,34,0,13.8,clear sky
330,Pampa,US,35.5362,-100.9599,75.24,60,0,6.91,clear sky
331,Lata,PT,40.1629,-8.3327,80.49,46,36,13.33,scattered clouds
332,Bagepalli,IN,13.7847,77.7931,81.61,62,94,1.92,overcast clouds
333,Shiyan,CN,32.6475,110.7781,71.85,61,98,5.39,overcast clouds
334,Halifax,CA,44.6453,-63.5724,71.46,69,93,5.75,overcast clouds
335,Vulcan,RO,45.3833,23.2667,63.63,73,100,1.86,overcast clouds
336,Flinders,AU,-34.5833,150.8552,50.38,85,68,9.48,broken clouds
337,Baker City,US,44.7749,-117.8344,70.65,81,0,0.0,clear sky
338,Ostrovnoy,RU,68.0531,39.5131,45.12,77,100,17.83,overcast clouds
339,Kailua,US,21.4022,-157.7394,77.02,93,65,3.0,broken clouds
340,Quixada,BR,-4.9714,-39.0153,93.18,33,26,10.07,scattered clouds
341,Akdagmadeni,TR,39.6603,35.8836,73.99,50,35,15.26,scattered clouds
342,Sola,VU,-13.8833,167.55,80.08,74,87,10.22,overcast clouds
343,Malpe,IN,13.35,74.7167,81.7,85,100,3.33,overcast clouds
344,Cidreira,BR,-30.1811,-50.2056,59.95,61,9,5.59,clear sky
345,Seminole,US,28.7086,-81.2081,89.2,75,20,5.75,few clouds
346,Paamiut,GL,61.994,-49.6678,42.24,97,28,17.02,scattered clouds
347,Daru,PG,-9.0763,143.2092,77.76,90,89,11.43,overcast clouds
348,Clarksburg,US,39.2807,-80.3445,82.51,75,0,0.0,clear sky
349,Viedma,AR,-40.8135,-62.9967,68.0,33,84,8.88,broken clouds
350,Kungurtug,RU,50.5994,97.5228,39.33,40,57,2.51,broken clouds
351,Edson,CA,53.5835,-116.4356,55.54,94,0,5.75,clear sky
352,Nobres,BR,-14.7203,-56.3275,88.61,36,54,7.07,broken clouds
353,Kez,RU,57.8979,53.7152,49.8,58,99,5.66,overcast clouds
354,Dudinka,RU,69.4058,86.1778,43.63,92,100,9.78,light rain
355,Esso,RU,55.9333,158.7,38.05,88,8,5.41,clear sky
356,Xuddur,SO,4.1213,43.8894,84.42,38,100,15.55,overcast clouds
357,Fortuna,US,40.5982,-124.1573,55.92,96,100,0.0,overcast clouds
358,Novoagansk,RU,61.9449,76.6625,45.45,79,98,13.18,overcast clouds
359,Jishou,CN,28.3167,109.7167,72.95,53,46,2.51,scattered clouds
360,Kamaishi,JP,39.2667,141.8833,69.35,94,100,3.98,overcast clouds
361,Pauini,BR,-7.7136,-66.9764,91.85,33,48,6.08,scattered clouds
362,Kathmandu,NP,27.7167,85.3167,73.62,83,75,3.44,broken clouds
363,Kindu,CD,-2.95,25.95,81.21,63,94,0.74,overcast clouds
364,Anadyr,RU,64.75,177.4833,45.1,87,20,33.55,light rain
365,Severnoye,RU,56.3491,78.3619,49.32,66,18,5.32,few clouds
366,Vestmannaeyjar,IS,63.4427,-20.2734,52.79,82,40,18.41,scattered clouds
367,Nagato,JP,34.3833,131.2,80.02,83,100,22.08,overcast clouds
368,Carutapera,BR,-1.195,-46.02,86.02,63,22,11.39,few clouds
369,Goundam,ML,16.4145,-3.6708,96.84,31,99,2.17,overcast clouds
370,Faya,SA,18.3851,42.4509,82.51,57,73,10.0,broken clouds
371,Coracora,PE,-15.0333,-73.7833,61.16,27,2,5.32,clear sky
372,Muroto,JP,33.2833,134.15,81.59,80,100,10.98,overcast clouds
373,Canutama,BR,-6.5339,-64.3831,95.14,25,12,5.3,few clouds
374,Maputo,MZ,-25.9653,32.5892,74.68,61,0,14.5,clear sky
375,Rio Gallegos,AR,-51.6226,-69.2181,39.25,45,100,21.85,overcast clouds
376,Jalu,LY,29.0331,21.5482,95.11,21,0,15.77,clear sky
377,Okhotsk,RU,59.3833,143.3,49.91,82,100,12.57,overcast clouds
378,Araouane,ML,18.9048,-3.5265,104.31,19,14,9.98,few clouds
379,Kencong,ID,-8.2833,113.3667,76.51,89,100,1.97,overcast clouds
380,High Level,CA,58.5169,-117.136,53.71,87,100,2.3,smoke
381,Byron Bay,AU,-28.65,153.6167,53.94,78,99,14.74,overcast clouds
382,Ailigandi,PA,9.2333,-78.0167,83.39,75,100,1.45,overcast clouds
383,Hami,CN,42.8,93.45,78.15,17,1,3.94,clear sky
384,Delmenhorst,DE,53.05,8.6167,82.15,40,0,6.91,clear sky
385,Haines Junction,CA,60.7522,-137.5108,26.55,100,96,2.3,overcast clouds
386,Eidsvag,NO,62.7767,8.0668,64.45,55,6,5.86,clear sky
387,Kulhudhuffushi,MV,6.6221,73.07,80.87,83,100,22.15,overcast clouds
388,Tura,IN,25.5198,90.2201,74.43,96,72,4.03,broken clouds
389,Codrington,AU,-38.2667,141.9667,50.02,75,100,9.82,overcast clouds
390,Doka,SD,13.5167,35.7667,75.83,82,99,5.61,overcast clouds
391,Acajutla,SV,13.5928,-89.8275,82.6,69,53,4.92,broken clouds
392,Manacapuru,BR,-3.2997,-60.6206,91.96,36,9,3.89,clear sky
393,Arenal,CO,8.4593,-73.9433,84.38,72,100,2.01,overcast clouds
394,Paripiranga,BR,-10.6875,-37.8617,78.06,51,84,11.7,broken clouds
395,Chapais,CA,49.7834,-74.8492,46.18,51,59,4.99,broken clouds
396,Mamallapuram,IN,12.6264,80.1722,86.05,80,18,14.23,few clouds
397,Walvis Bay,NA,-22.9575,14.5053,60.1,60,1,21.07,clear sky
398,Domodossola,IT,46.1165,8.2931,84.42,60,52,4.79,broken clouds
399,Mancio Lima,BR,-7.6142,-72.8958,78.87,65,34,9.22,scattered clouds
400,Williamsport,US,41.2412,-77.0011,78.03,92,75,4.0,broken clouds
401,Xining,CN,36.6167,101.7667,48.79,80,100,4.61,overcast clouds
402,Terrace,CA,54.5163,-128.6035,51.71,100,75,5.75,broken clouds
403,Jaru,BR,-10.4389,-62.4664,93.2,27,52,8.99,broken clouds
404,Corinto,GR,37.9407,22.9573,86.9,40,1,1.43,clear sky
405,Basco,PH,20.4487,121.9702,84.38,82,100,27.76,overcast clouds
406,Caditaan,PH,12.8053,123.8492,80.91,86,100,4.16,overcast clouds
407,Tvoroyri,FO,61.5556,-6.8111,53.2,90,87,26.53,overcast clouds
408,Port Shepstone,ZA,-30.7414,30.455,74.32,71,4,17.22,clear sky
409,Manama,BH,26.2154,50.5832,102.38,56,0,8.05,clear sky
410,Husavik,IS,66.0449,-17.3389,58.28,71,11,5.5,few clouds
411,Westport,US,41.1415,-73.3579,82.29,82,20,8.05,few clouds
412,Harlingen,US,26.1906,-97.6961,84.88,83,0,3.44,clear sky
413,The Valley,AI,18.217,-63.0578,85.86,89,40,18.41,scattered clouds
414,Chirongui,YT,-12.9319,45.1483,76.93,60,0,7.81,clear sky
415,Clyde River,CA,70.4692,-68.5914,39.43,100,100,4.61,overcast clouds
416,Imeni Poliny Osipenko,RU,52.4201,136.4853,59.94,95,100,6.13,overcast clouds
417,Muncar,ID,-8.4333,114.3333,75.02,92,99,2.37,overcast clouds
418,Pacifica,US,37.6138,-122.4869,68.67,89,0,6.91,clear sky
419,Poum,NC,-20.2333,164.0167,76.75,86,100,21.56,overcast clouds
420,Luganville,VU,-15.5333,167.1667,77.07,89,100,6.62,overcast clouds
421,Hanzhong,CN,33.0728,107.0303,66.79,79,100,1.41,overcast clouds
422,Adre,TD,13.4667,22.2,78.53,64,100,1.12,overcast clouds
423,Yuanping,CN,38.7153,112.7575,63.86,48,69,5.66,broken clouds
424,Kamenka,RU,51.3223,42.7678,47.1,88,100,9.08,light rain
425,Nizhniy Kuranakh,RU,58.8353,125.4869,39.15,98,100,5.32,overcast clouds
426,Dunedin,NZ,-45.8742,170.5036,39.79,76,99,5.99,overcast clouds
427,Boueni,YT,-12.9025,45.0761,76.98,61,0,8.66,clear sky
428,Marsh Harbour,BS,26.5412,-77.0636,83.89,71,20,10.29,few clouds
429,Ullapool,GB,57.8987,-5.1604,63.36,80,92,7.25,overcast clouds
430,Derzhavinsk,KZ,51.1,66.3167,70.68,25,99,9.33,overcast clouds
431,Hernani,ES,43.2662,-1.9762,82.81,65,20,6.91,few clouds
432,Zabol,AF,32.25,67.25,71.33,23,0,10.6,clear sky
433,Pandan,PH,14.0453,124.1694,81.57,83,100,8.59,overcast clouds
434,Maxixe,MZ,-23.8597,35.3472,70.43,62,0,10.22,clear sky
435,Chimbote,PE,-9.0853,-78.5783,64.71,73,71,6.69,broken clouds
436,Yumen,CN,40.2833,97.2,68.99,16,0,10.87,clear sky
437,Chiang Klang,TH,19.2938,100.8617,75.81,98,100,1.43,overcast clouds
438,Nha Trang,VN,12.25,109.1833,78.8,87,100,3.04,overcast clouds
439,Vao,NC,-22.6667,167.4833,74.73,86,100,26.55,moderate rain
440,Vila Velha,BR,-20.3297,-40.2925,82.35,71,75,18.41,broken clouds
441,Caluquembe,AO,-13.7833,14.6833,81.68,13,9,6.96,clear sky
442,Cayenne,GF,4.9333,-52.3333,87.84,62,75,8.05,broken clouds
443,Laizhou,CN,37.1717,119.9214,68.86,85,100,6.89,overcast clouds
444,Maua,BR,-23.6678,-46.4614,56.35,88,100,9.13,overcast clouds
445,Conceicao Do Araguaia,BR,-8.2578,-49.2647,99.93,17,10,8.08,clear sky
446,Borba,BR,-4.3878,-59.5939,99.9,18,7,4.59,clear sky
447,Maceio,BR,-9.6658,-35.7353,80.04,69,75,11.5,broken clouds
448,Hasaki,JP,35.7333,140.8333,73.8,88,69,7.72,broken clouds
449,Yurino,RU,56.2942,46.3039,53.98,54,100,4.88,overcast clouds
450,Playas,EC,-2.6333,-80.3833,71.6,76,96,7.96,overcast clouds
451,Ust-Ishim,RU,57.6935,71.1665,50.86,63,100,6.67,overcast clouds
452,Smithers,CA,54.7804,-127.1743,48.52,93,40,3.44,scattered clouds
453,Hambantota,LK,6.1241,81.1185,79.14,100,40,8.05,scattered clouds
454,Arlit,NE,18.7369,7.3853,106.32,10,8,6.87,clear sky
455,Eureka,US,40.8021,-124.1637,57.2,94,1,2.62,clear sky
456,Pitiquito,MX,30.7,-112.0833,84.88,63,100,2.57,overcast clouds
457,Wonosobo,ID,-7.36,109.9025,67.05,95,100,1.12,overcast clouds
458,Mahon,ES,39.8885,4.2658,86.56,58,20,10.36,few clouds
459,Rosario,AR,-32.9468,-60.6393,66.25,37,0,13.8,clear sky
460,Quatre Cocos,MU,-20.2078,57.7625,71.71,79,27,16.08,light rain
461,Kedrovyy,RU,56.1667,91.8167,52.21,78,100,7.18,light rain
462,Simao,CN,22.7886,100.9748,67.23,99,100,2.04,overcast clouds
463,Porto Velho,BR,-8.7619,-63.9039,84.25,45,18,11.5,few clouds
464,Maldonado,UY,-34.6667,-54.9167,61.99,47,0,10.83,clear sky
465,Mayo,US,38.8876,-76.5119,83.95,77,0,4.61,clear sky
466,Mount Isa,AU,-20.7333,139.5,53.37,58,100,0.0,overcast clouds
467,Awjilah,LY,29.1081,21.2869,94.73,21,0,16.73,clear sky
468,Puerto El Triunfo,SV,13.2833,-88.55,81.52,68,75,1.41,broken clouds
469,Suntar,RU,62.1444,117.6319,41.23,88,98,3.56,overcast clouds
470,Chase,CA,50.8165,-119.6857,58.08,70,77,4.29,broken clouds
471,Kuala Pilah,MY,2.7389,102.2487,76.32,84,100,1.07,light rain
472,Callaway,US,30.153,-85.5699,84.94,84,20,3.44,few clouds
473,Dire,ML,12.2833,-10.9667,80.31,81,94,1.14,overcast clouds
474,Korba,IN,22.35,82.6833,78.75,87,100,1.74,overcast clouds
475,Gorontalo,ID,0.5412,123.0595,75.94,95,100,2.95,overcast clouds
476,Bayangol,RU,50.6977,103.4656,30.02,89,2,3.67,clear sky
477,Jiblah,YE,13.9216,44.1467,65.73,69,74,3.0,light rain
478,Haimen,CN,23.1935,116.6142,84.09,66,100,12.1,overcast clouds
479,Bogoroditsk,RU,53.7717,38.1241,57.43,42,98,8.08,overcast clouds
480,Mariental,NA,-24.6333,17.9667,83.91,8,3,23.17,clear sky
481,Fethiye,TR,36.6217,29.1164,87.67,46,0,4.52,clear sky
482,Mpwapwa,TZ,-6.35,36.4833,79.32,31,7,9.33,clear sky
483,Kaputa,ZM,-8.4689,29.6619,86.97,28,0,2.01,clear sky
484,Roebourne,AU,-20.7833,117.1333,69.8,63,1,11.23,clear sky
485,Svetlogorsk,BY,52.6333,29.7333,62.35,44,90,5.86,overcast clouds
486,Ossora,RU,59.2353,163.0719,45.34,70,72,8.34,broken clouds
487,Belaya Gora,RU,68.5333,146.4167,38.93,86,100,15.79,overcast clouds
488,Pavlodar,KZ,52.3,76.95,62.4,39,0,4.47,clear sky
489,Broome,US,42.2506,-75.833,76.68,83,0,3.44,clear sky
490,Tezpur,IN,26.6333,92.8,77.34,93,100,3.87,overcast clouds
491,Mikhaylov,RU,54.2292,39.0186,58.42,37,91,11.41,overcast clouds
492,Manicore,BR,-5.8092,-61.3003,85.95,70,0,2.3,clear sky
493,Kaeo,NZ,-35.1,173.7833,56.32,93,100,6.67,overcast clouds
494,Hervey Bay,AU,-25.2986,152.8535,62.42,67,29,21.56,scattered clouds
495,Fuchu,JP,35.6667,139.4833,78.48,85,100,4.61,overcast clouds
496,Pombas,CV,17.1503,-25.0201,83.98,81,55,9.78,broken clouds
497,Callaguip,PH,18.0714,120.4867,80.24,87,100,20.96,overcast clouds
498,Murchison,NZ,-41.8,172.3333,41.68,97,100,1.81,overcast clouds
499,Mingshui,CN,36.7167,117.5,71.94,62,100,6.73,overcast clouds
500,Manggar,ID,-2.8833,108.2667,81.19,75,100,5.28,overcast clouds
501,Urumqi,CN,43.801,87.6005,77.95,24,0,2.24,clear sky
502,Sosnogorsk,RU,63.6023,53.8817,40.59,97,100,6.46,light rain
503,Pinheiro Machado,BR,-31.5783,-53.3811,56.05,49,0,0.87,clear sky
504,Labuhan,ID,-6.8844,112.2051,81.28,71,100,7.58,overcast clouds
505,Omsukchan,RU,62.5333,155.8,27.07,91,70,4.92,broken clouds
506,Lashio,MM,22.9333,97.75,70.95,98,100,1.3,overcast clouds
507,Coquimbo,CL,-29.9533,-71.3436,53.33,87,75,2.3,broken clouds
508,Folldal,NO,62.1325,9.9968,51.08,76,95,6.26,overcast clouds
509,Mugur-Aksy,RU,50.35,90.5,51.12,53,26,1.16,scattered clouds
510,Mogadishu,SO,2.0371,45.3438,80.47,74,75,16.11,broken clouds
511,San Francisco Del Mar,MX,16.2333,-94.65,75.81,90,100,6.89,overcast clouds
512,Bukachacha,RU,52.9833,116.9167,51.73,98,100,6.82,moderate rain
513,Mount Gambier,AU,-37.8333,140.7667,44.15,82,100,5.77,overcast clouds
514,Waingapu,ID,-9.6567,120.2641,77.88,81,62,6.11,broken clouds
515,Mount Pleasant,US,32.7941,-79.8626,87.01,73,20,10.36,few clouds
516,Miraflores,MX,19.2167,-98.8083,61.03,80,89,2.71,overcast clouds
517,Yuancheng,CN,36.652,107.7896,66.63,29,60,4.45,broken clouds
518,Aykhal,RU,66.0,111.5,34.36,82,7,9.75,clear sky
519,Beisfjord,NO,68.3751,17.5988,60.04,56,8,4.59,clear sky
520,Kihei,US,20.785,-156.4656,80.83,82,0,0.0,clear sky
521,Pimentel,PE,-6.8367,-79.9342,62.89,82,100,3.44,overcast clouds
522,Sandakan,MY,5.8402,118.1179,76.68,94,40,2.3,scattered clouds
523,Yenisehir,TR,40.2644,29.6531,77.05,69,40,17.27,scattered clouds
524,Quballat,TN,36.5418,9.6633,102.49,26,44,17.18,scattered clouds
525,Fare,PF,-16.7,-151.0167,78.31,72,9,16.91,clear sky
526,Kangly,RU,44.2544,43.0308,80.65,50,97,13.42,overcast clouds
527,Lasa,IT,46.6166,10.7002,76.08,53,68,2.55,broken clouds
528,Presidencia Roque Saenz Pena,AR,-26.7852,-60.4388,68.5,18,0,6.26,clear sky
529,Waddan,LY,29.1614,16.139,96.22,21,0,17.87,clear sky
530,Hoquiam,US,46.9809,-123.8893,62.58,93,100,8.05,overcast clouds
531,Vallenar,CL,-28.5708,-70.7581,76.42,12,0,4.27,clear sky
532,Aswan,EG,24.0934,32.907,108.7,15,0,6.91,clear sky
533,Richmond,US,37.5538,-77.4603,85.32,71,75,5.75,broken clouds
534,Harper,LR,4.375,-7.7169,78.94,80,45,8.59,scattered clouds
535,Juneau,US,58.3019,-134.4197,53.22,99,100,6.91,light rain
536,Weilmunster,DE,50.4333,8.3667,82.45,50,97,2.93,overcast clouds
537,Puerto Maldonado,PE,-12.6,-69.1833,75.6,43,0,8.05,clear sky
538,Poli,TZ,-3.3333,36.8,73.67,37,30,8.9,scattered clouds
539,Salinas,US,36.6777,-121.6555,69.84,84,0,3.44,clear sky
540,Bowen,AU,-20.0167,148.2333,60.84,80,0,7.72,clear sky
541,Santa Maria,BR,-29.6842,-53.8069,54.7,54,0,10.36,clear sky
542,Beyneu,KZ,45.3167,55.2,95.56,12,0,11.25,clear sky
543,Zhob,PK,31.3411,69.4481,83.26,24,0,4.23,clear sky
544,Srednekolymsk,RU,67.45,153.6833,37.54,76,100,8.23,overcast clouds
545,Tuatapere,NZ,-46.1333,167.6833,38.79,86,97,12.41,overcast clouds
546,Bosaso,SO,11.2842,49.1816,89.91,51,3,3.04,clear sky
547,Altus,US,34.6381,-99.334,82.98,67,0,5.75,haze
548,Dawlatabad,AF,36.4141,64.9053,84.78,8,0,5.53,clear sky
549,Yulin,CN,22.6333,110.15,77.34,65,85,2.77,overcast clouds
550,Douglas,US,41.3,-96.167,68.59,81,75,6.91,broken clouds
551,Panzhihua,CN,26.5851,101.7128,63.43,90,100,3.31,overcast clouds
552,Vila Franca Do Campo,PT,37.7167,-25.4333,77.41,59,50,9.91,scattered clouds
553,Damoh,IN,23.8333,79.45,78.08,86,99,7.83,overcast clouds
554,Pak Phanang,TH,8.3511,100.202,78.82,77,100,12.3,moderate rain
555,Qaqortoq,GL,60.7167,-46.0333,48.11,88,38,5.73,scattered clouds
556,Ginda,IN,30.6945,78.4932,63.52,94,23,3.89,few clouds
557,Mana,GF,5.6592,-53.7767,87.13,59,84,9.06,broken clouds
558,Rebrikha,RU,53.0733,82.3408,59.94,37,96,7.54,overcast clouds
559,Karratha,AU,-20.7377,116.8463,69.91,65,1,11.92,clear sky
560,Valparaiso,CL,-33.0393,-71.6273,59.23,76,100,3.44,fog
561,Los Llanos De Aridane,ES,28.6585,-17.9182,72.12,90,75,8.05,broken clouds
562,Aksarka,RU,66.5606,67.7975,39.52,97,100,12.26,light rain
563,Kilindoni,TZ,-7.9139,39.6668,75.58,78,14,16.51,few clouds
564,Erdenet,MN,49.0333,104.0833,35.73,70,47,4.34,scattered clouds
565,San Roque,ES,36.2107,-5.3842,81.43,39,0,8.05,clear sky
566,Khani,GE,41.9563,42.9566,66.94,98,94,0.81,light rain
567,Ust-Uda,RU,54.1742,103.0304,40.73,84,79,1.63,broken clouds
568,Abu Samrah,SY,35.3029,37.1841,97.03,22,0,15.17,clear sky
569,Paramonga,PE,-10.6667,-77.8333,64.33,73,58,7.36,broken clouds
570,Laguna,US,38.421,-121.4238,85.08,64,0,0.0,clear sky
571,Yanam,IN,16.7333,82.2167,81.46,82,83,5.41,broken clouds
572,Sattahip,TH,12.6664,100.9007,86.99,89,40,4.61,scattered clouds
573,Lanxi,CN,29.2195,119.477,74.57,85,100,7.63,overcast clouds
574,Gavle,SE,60.6745,17.1417,59.38,62,68,1.99,broken clouds
575,Ahuimanu,US,21.4447,-157.8378,76.75,92,75,3.44,light rain
576,Gazimurskiy Zavod,RU,51.5461,118.3266,53.64,97,100,4.59,overcast clouds
577,Saint-Maximin-La-Sainte-Baume,FR,43.4521,5.8622,83.25,45,13,6.87,few clouds
578,Alenquer,BR,-1.9417,-54.7383,94.64,38,35,5.93,scattered clouds
579,Sergeyevka,KZ,53.88,67.4158,57.43,39,89,4.83,overcast clouds
580,Bintulu,MY,3.1667,113.0333,77.41,94,20,3.44,few clouds
581,Tirumullaivasal,IN,11.2333,79.8333,82.13,84,10,13.04,clear sky
582,Koumac,NC,-20.5667,164.2833,75.61,87,98,12.91,overcast clouds
583,Bilma,NE,18.6853,12.9164,105.37,11,0,6.22,clear sky
584,Aljezur,PT,37.3191,-8.8033,73.13,62,1,9.57,clear sky
585,Sinnamary,GF,5.3833,-52.95,86.7,62,79,10.63,broken clouds
586,Yuzhou,CN,34.1628,113.4639,75.2,60,98,5.21,overcast clouds
587,Moose Factory,CA,51.2585,-80.6094,51.8,82,0,5.75,clear sky
588,Linguere,SN,15.3953,-15.1193,88.9,57,100,9.15,overcast clouds
589,Matagami,CA,49.7502,-77.6328,42.91,81,100,5.75,overcast clouds
590,Caravelas,BR,-17.7125,-39.2481,82.0,47,0,8.05,clear sky
591,Mandera,KE,3.9366,41.867,91.06,30,97,17.47,overcast clouds
592,Tateyama,JP,34.9833,139.8667,76.1,86,70,7.02,broken clouds
593,Price,US,39.5994,-110.8107,72.66,26,0,0.0,clear sky
594,Williams Lake,CA,52.1415,-122.1445,65.77,49,75,6.91,smoke
595,Tancheng,CN,27.4375,115.4976,71.58,62,35,2.8,scattered clouds
596,Bambanglipuro,ID,-7.95,110.2833,74.25,94,98,3.33,overcast clouds
597,Quelimane,MZ,-17.8786,36.8883,74.21,67,0,8.16,clear sky
598,Sistranda,NO,63.7256,8.834,66.16,69,11,6.22,few clouds
599,Iranshahr,IR,27.2025,60.6848,104.34,6,0,11.5,clear sky
600,Kavaratti,IN,10.5669,72.642,80.6,83,77,21.18,broken clouds
601,Ucluelet,CA,48.9329,-125.5528,59.09,94,100,9.84,overcast clouds
602,Riyadh,SA,24.6877,46.7219,107.74,8,0,9.95,clear sky
603,Cuiluan,CN,47.72,128.648,56.14,89,100,8.7,overcast clouds
604,Kimbe,PG,-5.5502,150.1429,76.53,90,30,2.77,scattered clouds
605,Lompoc,US,34.6391,-120.4579,86.77,82,0,0.0,clear sky
606,Inhambane,MZ,-23.865,35.3833,70.66,63,0,10.74,clear sky
607,Libenge,CD,3.65,18.6333,83.61,64,93,4.23,light rain
608,Surt,LY,31.2089,16.5887,85.28,53,0,10.02,clear sky
609,Katangli,RU,51.7102,143.2326,56.77,86,3,5.86,clear sky
610,Mazagao,BR,-0.115,-51.2894,89.65,45,6,5.5,clear sky
611,Wasilla,US,61.5814,-149.4394,48.18,89,100,8.05,light rain
612,Raudeberg,NO,61.9875,5.1352,61.47,70,0,2.17,clear sky
613,Chabahar,IR,25.2919,60.643,82.18,76,3,9.06,clear sky
614,Maningrida,AU,-12.0667,134.2667,68.49,67,9,9.26,clear sky
615,Kinshasa,CD,-4.3246,15.3215,91.83,35,63,3.69,broken clouds
616,Kaoma,ZM,-14.7833,24.8,91.04,18,6,2.93,clear sky
617,Batagay,RU,67.6333,134.6333,36.54,72,91,3.4,overcast clouds
618,Kargasok,RU,59.0556,80.8572,47.14,83,14,10.4,few clouds
619,Petropavlovsk-Kamchatskiy,RU,53.0452,158.6483,43.39,87,0,2.24,clear sky
620,Razole,IN,16.4833,81.8333,81.61,81,68,5.14,broken clouds
621,Takoradi,GH,4.8845,-1.7554,78.35,81,44,10.89,light rain
622,Martaban,MM,16.5314,97.6111,78.94,88,96,5.57,overcast clouds
623,Bad Driburg,DE,51.7333,9.0167,80.69,46,91,7.0,overcast clouds
624,Krasnoarmeysk,RU,51.0239,45.6969,50.36,78,100,19.26,overcast clouds
625,Zharkent,KZ,44.1628,80.0,75.43,16,0,5.35,clear sky
626,Vanderhoof,CA,54.0166,-124.0198,57.61,66,100,9.06,overcast clouds
627,Minab,IR,27.1467,57.0801,93.52,52,0,6.91,clear sky
628,Manado,ID,1.487,124.8455,75.97,100,40,1.14,scattered clouds
629,Puri,IN,19.8,85.85,81.12,74,81,13.69,broken clouds
630,Rawson,AR,-43.3002,-65.1023,60.96,44,76,6.02,broken clouds
631,Maarianhamina,AX,60.0973,19.9348,57.06,54,20,10.36,few clouds
632,Onega,RU,63.9061,38.1404,48.85,75,92,12.1,overcast clouds
633,Kedgwick,CA,47.6446,-67.3434,49.03,97,100,6.42,overcast clouds
634,Libreville,GA,0.3925,9.4537,80.62,74,40,5.75,scattered clouds
635,Sao Raimundo Nonato,BR,-9.0153,-42.6994,91.99,28,2,9.6,clear sky
636,Santiago Del Estero,AR,-27.7951,-64.2615,69.3,16,0,9.53,clear sky
637,Abu Dhabi,AE,24.4667,54.3667,100.42,51,0,11.5,clear sky
638,Gunjur,GM,13.2019,-16.7339,87.87,70,40,0.0,light rain
639,Celle,DE,52.6226,10.0805,82.27,43,75,4.61,broken clouds
640,Nelson Bay,AU,-32.7167,152.15,58.1,75,97,7.0,overcast clouds
641,Matara,LK,5.9485,80.5353,77.14,91,81,7.94,broken clouds
642,Vestmanna,FO,62.1564,-7.1664,58.12,72,75,16.11,broken clouds
643,Muisne,EC,0.6,-80.0333,74.86,82,100,11.74,overcast clouds
644,Jalapa,MX,19.5333,-96.9167,65.82,92,95,2.3,overcast clouds
645,Cabadiangan,PH,9.7531,122.4739,78.44,90,100,2.57,overcast clouds
646,Durban,ZA,-29.8579,31.0292,81.52,83,0,3.0,clear sky
647,Yarada,IN,17.65,83.2667,82.72,94,40,2.3,scattered clouds
648,Oranjestad,AW,12.524,-70.027,85.95,74,20,11.5,few clouds
649,Sechura,PE,-5.5569,-80.8222,68.88,68,82,7.23,broken clouds
650,Havre-Saint-Pierre,CA,50.2334,-63.5986,62.96,94,100,4.61,overcast clouds
651,Bradley,US,35.1501,-84.8666,74.32,95,100,3.91,overcast clouds
652,Aksum,ET,14.1245,38.7244,59.4,83,61,6.82,moderate rain
653,Baft,IR,29.234,56.6057,77.5,6,15,3.09,few clouds
654,Greeneville,US,36.1632,-82.831,76.75,87,100,4.61,overcast clouds
655,Pasighat,IN,28.0667,95.3333,75.02,97,96,3.15,overcast clouds
656,Shelburne,CA,44.0787,-80.2041,59.23,93,100,8.12,overcast clouds
657,Manta,EC,-0.95,-80.7333,73.18,88,100,6.91,overcast clouds
658,Zhigansk,RU,66.7697,123.3711,42.66,55,100,6.22,overcast clouds
659,Oriximina,BR,-1.7656,-55.8661,94.28,38,13,7.45,few clouds
660,Vostok,RU,46.4856,135.8833,58.28,63,100,5.48,overcast clouds
661,Katangi,IN,23.45,79.7833,74.46,88,86,6.29,overcast clouds
662,Leninskoye,KZ,41.7589,69.3864,81.54,17,0,7.78,clear sky
663,Shache,CN,38.4167,77.2406,78.71,18,2,4.25,clear sky
664,Gao,ML,16.6362,1.637,101.19,20,8,4.12,clear sky
665,Paris,FR,48.8534,2.3488,87.78,37,0,9.22,clear sky
666,Inirida,CO,3.8653,-67.9239,80.71,76,98,3.11,overcast clouds
667,Kelvington,CA,52.1667,-103.5343,70.41,36,0,14.9,clear sky
668,Carballo,ES,43.213,-8.691,72.43,86,100,13.33,overcast clouds
669,Tilichiki,RU,60.4667,166.1,45.21,83,100,8.1,overcast clouds
670,Teo,ES,42.75,-8.5,73.53,75,40,17.27,scattered clouds
671,Jiaozuo,CN,35.2397,113.2331,77.9,49,100,6.42,overcast clouds
672,Imeni Babushkina,RU,59.7573,43.1285,48.09,79,94,7.96,overcast clouds
673,Coracao De Jesus,BR,-16.6853,-44.365,90.46,16,3,5.99,clear sky
674,Kjollefjord,NO,70.9457,27.3465,48.25,81,75,13.8,broken clouds
675,Cavalcante,BR,-13.7975,-47.4583,88.32,18,1,6.46,clear sky
676,Amapa,BR,1.0,-52.0,91.4,44,12,4.7,few clouds
677,Sibu,MY,2.3,111.8167,75.51,94,40,0.0,scattered clouds
678,Rey Bouba,CM,8.6724,14.1786,80.19,86,91,5.35,moderate rain
679,Mirabad,AF,30.4362,61.8383,92.1,7,0,16.58,clear sky
680,Tornio,FI,65.8481,24.1466,51.82,56,100,8.41,overcast clouds
681,Rio De Janeiro,BR,-22.9028,-43.2075,71.55,81,100,8.05,light intensity drizzle
682,Ordynskoye,RU,54.3656,81.8994,56.98,45,72,6.71,broken clouds
683,Cabatuan,PH,10.8794,122.486,77.27,88,100,3.8,overcast clouds
684,Loikaw,MM,19.6742,97.2094,69.6,94,100,4.29,overcast clouds
685,Danville,US,36.586,-79.395,79.29,80,75,4.61,broken clouds
686,Chhata,IN,27.7167,77.5,91.17,44,0,9.8,clear sky
687,Vicuna,CL,-30.0319,-70.7081,78.76,5,0,3.11,clear sky
688,Ushibuka,JP,32.1906,130.0228,81.36,81,100,16.46,moderate rain
689,Lincoln,US,40.8,-96.667,68.0,78,0,9.22,clear sky
690,Mehamn,NO,71.0357,27.8492,48.15,81,75,13.8,broken clouds
691,Fairbanks,US,64.8378,-147.7164,52.61,93,100,11.5,overcast clouds
692,Port Hardy,CA,50.6996,-127.4199,53.78,94,75,3.44,broken clouds
693,Middelburg,ZA,-25.7751,29.4648,77.2,11,30,10.16,scattered clouds
694,Doha,QA,25.2867,51.5333,104.31,33,0,9.22,clear sky
695,Evensk,RU,61.95,159.2333,39.27,64,62,10.45,broken clouds
696,Hailun,CN,47.45,126.9333,57.33,95,100,8.25,overcast clouds
697,Touho,NC,-20.7833,165.2333,74.12,93,100,15.84,overcast clouds
698,Deputatskiy,RU,69.3,139.9,32.11,87,100,18.54,overcast clouds
699,Pyay,MM,18.8167,95.2167,78.93,89,76,4.09,broken clouds
700,Granger,US,41.7481,-86.1257,71.06,92,100,8.05,overcast clouds
701,Asyut,EG,27.181,31.1837,95.18,17,0,17.74,clear sky
702,Erzincan,TR,39.75,39.5,88.9,27,20,16.11,few clouds
703,Cockburn Town,TC,21.4612,-71.1419,85.96,70,20,11.5,few clouds
704,Beloha,MG,-25.1667,45.05,74.08,37,0,10.4,clear sky
705,Mahibadhoo,MV,3.7833,72.9667,77.59,88,100,26.04,moderate rain
706,Jega,NG,12.2175,4.3792,89.8,52,96,2.68,overcast clouds
707,Ellon,GB,57.3641,-2.0731,63.55,94,40,11.5,scattered clouds
708,Akyab,MM,20.15,92.9,83.73,77,100,4.61,overcast clouds
709,Hammerfest,NO,70.6634,23.6821,46.85,100,75,6.91,light intensity drizzle
710,Chicama,PE,-7.8447,-79.1469,57.74,66,71,5.97,broken clouds
711,Punto Fijo,VE,11.6956,-70.1996,85.35,64,100,5.88,overcast clouds
712,Gigmoto,PH,13.7796,124.39,81.82,85,100,7.94,overcast clouds
713,Seddon,AU,-37.8068,144.8916,50.72,85,75,5.75,broken clouds
